date,icu_beds,general_beds,icu_available,general_available,er_visits,day_of_week,month,is_weekend,holiday_flag,er_visits_rolling_mean_3,er_visits_rolling_mean_7
2022-01-01,28,70,19,69,22,5,1,1,0,34.0,35.57142857142857
2022-02-01,28,70,20,69,35,1,2,0,0,34.0,35.57142857142857
2022-03-01,28,70,18,66,45,1,3,0,0,34.0,35.57142857142857
2022-04-01,28,70,14,68,30,4,4,0,0,36.66666666666666,35.57142857142857
2022-05-01,28,70,19,69,40,6,5,1,1,38.333333333333336,35.57142857142857
2022-06-01,28,70,19,66,36,2,6,0,0,35.333333333333336,35.57142857142857
2022-07-01,28,70,13,65,41,4,7,0,0,39.0,35.57142857142857
2022-08-01,28,70,15,59,38,0,8,0,0,38.333333333333336,37.85714285714285
2022-09-01,28,70,18,69,33,3,9,0,0,37.333333333333336,37.57142857142857
2022-10-01,28,70,14,62,36,5,10,1,0,35.666666666666664,36.285714285714285
2022-11-01,28,70,17,69,40,1,11,0,0,36.333333333333336,37.71428571428572
2022-12-01,28,70,16,63,27,3,12,0,0,34.333333333333336,35.857142857142854
2022-01-13,28,70,14,69,29,3,1,0,1,32.0,34.857142857142854
2022-01-14,28,70,20,68,16,4,1,0,0,24.0,31.285714285714285
2022-01-15,28,70,19,54,16,5,1,1,0,20.33333333333333,28.142857142857142
2022-01-16,28,70,15,64,22,6,1,1,1,18.0,26.571428571428573
2022-01-17,28,70,16,61,27,0,1,0,0,21.666666666666668,25.285714285714285
2022-01-18,28,70,11,57,22,1,1,0,1,23.666666666666668,22.714285714285715
2022-01-19,28,70,15,58,20,2,1,0,1,23.0,21.714285714285715
2022-01-20,28,70,16,59,24,3,1,0,0,22.0,21.0
2022-01-21,28,70,7,57,20,4,1,0,0,21.33333333333333,21.571428571428573
2022-01-22,28,70,11,46,32,5,1,1,0,25.33333333333333,23.857142857142858
2022-01-23,28,70,10,58,37,6,1,1,0,29.666666666666668,26.0
2022-01-24,28,70,14,56,33,0,1,0,1,34.0,26.857142857142858
2022-01-25,28,70,11,51,35,1,1,0,0,35.0,28.714285714285715
2022-01-26,28,70,9,50,40,2,1,0,0,36.0,31.571428571428573
2022-01-27,28,70,12,48,37,3,1,0,0,37.333333333333336,33.42857142857143
2022-01-28,28,70,7,51,39,4,1,0,0,38.66666666666666,36.142857142857146
2022-01-29,28,70,10,59,49,5,1,1,0,41.66666666666666,38.57142857142857
2022-01-30,28,70,9,44,35,6,1,1,0,41.0,38.285714285714285
2022-01-31,28,70,9,57,32,0,1,0,0,38.66666666666666,38.142857142857146
2022-01-02,28,70,2,49,28,6,1,1,0,31.666666666666668,37.142857142857146
2022-02-02,28,70,7,54,32,2,2,0,1,30.666666666666668,36.0
2022-03-02,28,70,10,50,24,2,3,0,0,28.0,34.142857142857146
2022-04-02,28,70,4,47,20,5,4,1,0,25.33333333333333,31.428571428571427
2022-05-02,28,70,10,47,28,0,5,0,0,24.0,28.428571428571427
2022-06-02,28,70,6,46,27,3,6,0,0,25.0,27.285714285714285
2022-07-02,28,70,12,39,17,5,7,1,0,24.0,25.142857142857142
2022-08-02,28,70,10,44,11,1,8,0,1,18.33333333333333,22.714285714285715
2022-09-02,28,70,5,47,27,4,9,0,0,18.33333333333333,22.0
2022-10-02,28,70,4,41,20,6,10,1,0,19.33333333333333,21.428571428571427
2022-11-02,28,70,5,39,30,2,11,0,0,25.666666666666668,22.857142857142858
2022-12-02,28,70,6,51,19,4,12,0,0,23.0,21.571428571428573
2022-02-13,28,70,6,41,37,6,2,1,0,28.666666666666668,23.0
2022-02-14,28,70,10,40,29,0,2,0,0,28.33333333333333,24.714285714285715
2022-02-15,28,70,8,45,41,1,2,0,0,35.666666666666664,29.0
2022-02-16,28,70,7,36,39,2,2,0,0,36.333333333333336,30.714285714285715
2022-02-17,28,70,2,43,35,3,2,0,0,38.333333333333336,32.857142857142854
2022-02-18,28,70,5,41,37,4,2,0,0,37.0,33.857142857142854
2022-02-19,28,70,11,43,42,5,2,1,0,38.0,37.142857142857146
2022-02-20,28,70,5,41,37,6,2,1,0,38.66666666666666,37.142857142857146
2022-02-21,28,70,7,46,37,0,2,0,1,38.66666666666666,38.285714285714285
2022-02-22,28,70,8,48,41,1,2,0,0,38.333333333333336,38.285714285714285
2022-02-23,28,70,4,32,20,2,2,0,0,32.666666666666664,35.57142857142857
2022-02-24,28,70,3,44,34,3,2,0,1,31.666666666666668,35.42857142857143
2022-02-25,28,70,3,45,23,4,2,0,0,25.666666666666668,33.42857142857143
2022-02-26,28,70,9,50,17,5,2,1,0,24.666666666666668,29.857142857142858
2022-02-27,28,70,8,42,13,6,2,1,0,17.666666666666668,26.428571428571427
2022-02-28,28,70,6,46,19,0,2,0,0,16.333333333333332,23.857142857142858
2022-01-03,28,70,4,31,25,0,1,0,0,19.0,21.571428571428573
2022-02-03,28,70,9,34,21,3,2,0,0,21.666666666666668,21.714285714285715
2022-03-03,28,70,8,42,31,3,3,0,0,25.666666666666668,21.285714285714285
2022-04-03,28,70,11,27,19,6,4,1,0,23.666666666666668,20.714285714285715
2022-05-03,28,70,12,33,29,1,5,0,1,26.33333333333333,22.428571428571427
2022-06-03,28,70,6,40,26,4,6,0,0,24.666666666666668,24.285714285714285
2022-07-03,28,70,5,51,37,6,7,1,0,30.666666666666668,26.857142857142858
2022-08-03,28,70,9,27,42,2,8,0,0,35.0,29.285714285714285
2022-09-03,28,70,6,45,37,5,9,1,0,38.66666666666666,31.571428571428573
2022-10-03,28,70,9,46,26,0,10,0,0,35.0,30.857142857142858
2022-11-03,28,70,12,33,40,3,11,0,1,34.333333333333336,33.857142857142854
2022-12-03,28,70,9,26,41,5,12,1,0,35.666666666666664,35.57142857142857
2022-03-13,28,70,6,31,39,6,3,1,0,40.0,37.42857142857143
2022-03-14,28,70,11,35,40,0,3,0,0,40.0,37.85714285714285
2022-03-15,28,70,7,35,26,1,3,0,0,35.0,35.57142857142857
2022-03-16,28,70,20,34,32,2,3,0,0,32.666666666666664,34.857142857142854
2022-03-17,28,70,10,35,31,3,3,0,0,29.666666666666668,35.57142857142857
2022-03-18,28,70,13,37,14,4,3,0,0,25.666666666666668,31.857142857142858
2022-03-19,28,70,14,38,23,5,3,1,0,22.666666666666668,29.285714285714285
2022-03-20,28,70,14,39,17,6,3,1,0,18.0,26.142857142857142
2022-03-21,28,70,20,43,19,0,3,0,0,19.666666666666668,23.142857142857142
2022-03-22,28,70,16,41,22,1,3,0,0,19.33333333333333,22.571428571428573
2022-03-23,28,70,14,48,19,2,3,0,0,20.0,20.714285714285715
2022-03-24,28,70,11,40,20,3,3,0,0,20.33333333333333,19.142857142857142
2022-03-25,28,70,18,45,26,4,3,0,0,21.666666666666668,20.857142857142858
2022-03-26,28,70,19,46,24,5,3,1,0,23.33333333333333,21.0
2022-03-27,28,70,19,40,27,6,3,1,0,25.666666666666668,22.428571428571427
2022-03-28,28,70,15,34,38,0,3,0,0,29.666666666666668,25.142857142857142
2022-03-29,28,70,17,37,31,1,3,0,0,32.0,26.428571428571427
2022-03-30,28,70,20,50,42,2,3,0,1,37.0,29.714285714285715
2022-03-31,28,70,18,47,42,3,3,0,0,38.333333333333336,32.857142857142854
2022-01-04,28,70,20,38,31,1,1,0,0,38.333333333333336,33.57142857142857
2022-02-04,28,70,18,48,35,4,2,0,0,36.0,35.142857142857146
2022-03-04,28,70,23,45,43,4,3,0,0,36.333333333333336,37.42857142857143
2022-04-04,28,70,22,41,29,0,4,0,0,35.666666666666664,36.142857142857146
2022-05-04,28,70,23,49,29,2,5,0,0,33.666666666666664,35.857142857142854
2022-06-04,28,70,23,44,31,5,6,1,0,29.666666666666668,34.285714285714285
2022-07-04,28,70,22,52,30,0,7,0,1,30.0,32.57142857142857
2022-08-04,28,70,23,49,22,3,8,0,0,27.666666666666668,31.285714285714285
2022-09-04,28,70,24,45,18,6,9,1,0,23.33333333333333,28.857142857142858
2022-10-04,28,70,25,55,27,1,10,0,0,22.33333333333333,26.571428571428573
2022-11-04,28,70,21,45,28,4,11,0,0,24.33333333333333,26.428571428571427
2022-12-04,28,70,23,48,25,6,12,1,0,26.666666666666668,25.857142857142858
2022-04-13,28,70,23,46,22,2,4,0,0,25.0,24.571428571428573
2022-04-14,28,70,21,48,19,3,4,0,0,22.0,23.0
2022-04-15,28,70,23,43,22,4,4,0,0,21.0,23.0
2022-04-16,28,70,24,50,32,5,4,1,0,24.33333333333333,25.0
2022-04-17,28,70,22,53,34,6,4,1,1,29.33333333333333,26.0
2022-04-18,28,70,22,51,42,0,4,0,0,36.0,28.0
2022-04-19,28,70,22,50,40,1,4,0,0,38.66666666666666,30.142857142857142
2022-04-20,28,70,21,53,31,2,4,0,0,37.66666666666666,31.428571428571427
2022-04-21,28,70,15,54,45,3,4,0,0,38.66666666666666,35.142857142857146
2022-04-22,28,70,20,58,34,4,4,0,0,36.66666666666666,36.85714285714285
2022-04-23,28,70,20,59,37,5,4,1,0,38.66666666666666,37.57142857142857
2022-04-24,28,70,23,63,38,6,4,1,0,36.333333333333336,38.142857142857146
2022-04-25,28,70,18,48,44,0,4,0,0,39.66666666666666,38.42857142857143
2022-04-26,28,70,19,64,47,1,4,0,0,43.0,39.42857142857143
2022-04-27,28,70,18,62,32,2,4,0,0,41.0,39.57142857142857
2022-04-28,28,70,14,63,25,3,4,0,1,34.666666666666664,36.71428571428572
2022-04-29,28,70,21,55,26,4,4,0,0,27.666666666666668,35.57142857142857
2022-04-30,28,70,19,62,26,5,4,1,0,25.666666666666668,34.0
2022-01-05,28,70,19,55,18,2,1,0,0,23.33333333333333,31.142857142857142
2022-02-05,28,70,14,66,28,5,2,1,0,24.0,28.857142857142858
2022-03-05,28,70,21,62,21,5,3,1,0,22.33333333333333,25.142857142857142
2022-04-05,28,70,12,68,24,1,4,0,1,24.33333333333333,24.0
2022-05-05,28,70,18,54,27,3,5,0,0,24.0,24.285714285714285
2022-06-05,28,70,22,69,28,6,6,1,0,26.33333333333333,24.571428571428573
2022-07-05,28,70,13,65,33,1,7,0,0,29.33333333333333,25.571428571428573
2022-08-05,28,70,14,64,29,4,8,0,0,30.0,27.142857142857142
2022-09-05,28,70,15,66,32,0,9,0,0,31.33333333333333,27.714285714285715
2022-10-05,28,70,14,69,31,2,10,0,0,30.666666666666668,29.142857142857142
2022-11-05,28,70,10,69,41,5,11,1,0,34.666666666666664,31.571428571428573
2022-12-05,28,70,15,69,43,0,12,0,0,38.333333333333336,33.857142857142854
2022-05-13,28,70,12,69,42,4,5,0,0,42.0,35.857142857142854
2022-05-14,28,70,16,67,47,5,5,1,0,44.0,37.85714285714285
2022-05-15,28,70,12,62,37,6,5,1,0,42.0,39.0
2022-05-16,28,70,19,69,38,0,5,0,0,40.66666666666666,39.85714285714285
2022-05-17,28,70,12,68,26,1,5,0,0,33.666666666666664,39.142857142857146
2022-05-18,28,70,14,69,27,2,5,0,0,30.33333333333333,37.142857142857146
2022-05-19,28,70,17,64,29,3,5,0,1,27.33333333333333,35.142857142857146
2022-05-20,28,70,11,69,28,4,5,0,0,28.0,33.142857142857146
2022-05-21,28,70,15,69,20,5,5,1,0,25.666666666666668,29.285714285714285
2022-05-22,28,70,19,69,20,6,5,1,0,22.666666666666668,26.857142857142858
2022-05-23,28,70,10,67,12,0,5,0,0,17.333333333333332,23.142857142857142
2022-05-24,28,70,15,69,18,1,5,0,0,16.666666666666668,22.0
2022-05-25,28,70,16,69,26,2,5,0,0,18.666666666666668,21.857142857142858
2022-05-26,28,70,17,66,26,3,5,0,0,23.33333333333333,21.428571428571427
2022-05-27,28,70,12,66,28,4,5,0,0,26.666666666666668,21.428571428571427
2022-05-28,28,70,11,63,29,5,5,1,0,27.666666666666668,22.714285714285715
2022-05-29,28,70,17,60,32,6,5,1,0,29.666666666666668,24.428571428571427
2022-05-30,28,70,17,61,31,0,5,0,0,30.666666666666668,27.142857142857142
2022-05-31,28,70,17,57,40,1,5,0,0,34.333333333333336,30.285714285714285
2022-01-06,28,70,17,63,41,3,1,0,0,37.333333333333336,32.42857142857143
2022-02-06,28,70,14,58,42,6,2,1,0,41.0,34.714285714285715
2022-03-06,28,70,17,62,37,6,3,1,0,40.0,36.0
2022-04-06,28,70,18,52,28,2,4,0,0,35.666666666666664,35.857142857142854
2022-05-06,28,70,15,61,42,4,5,0,0,35.666666666666664,37.285714285714285
2022-06-06,28,70,23,63,32,0,6,0,0,34.0,37.42857142857143
2022-07-06,28,70,19,48,28,2,7,0,0,34.0,35.714285714285715
2022-08-06,28,70,15,59,32,5,8,1,0,30.666666666666668,34.42857142857143
2022-09-06,28,70,21,62,24,1,9,0,1,28.0,31.857142857142858
2022-10-06,28,70,16,49,29,3,10,0,0,28.33333333333333,30.714285714285715
2022-11-06,28,70,22,63,24,6,11,1,0,25.666666666666668,30.142857142857142
2022-12-06,28,70,23,56,23,1,12,0,0,25.33333333333333,27.428571428571427
2022-06-13,28,70,18,50,13,0,6,0,0,20.0,24.714285714285715
2022-06-14,28,70,24,52,26,1,6,0,0,20.666666666666668,24.428571428571427
2022-06-15,28,70,22,55,22,2,6,0,0,20.33333333333333,23.0
2022-06-16,28,70,24,52,21,3,6,0,1,23.0,22.571428571428573
2022-06-17,28,70,22,53,26,4,6,0,0,23.0,22.142857142857142
2022-06-18,28,70,22,45,20,5,6,1,0,22.33333333333333,21.571428571428573
2022-06-19,28,70,21,50,34,6,6,1,0,26.666666666666668,23.142857142857142
2022-06-20,28,70,21,41,29,0,6,0,1,27.666666666666668,25.428571428571427
2022-06-21,28,70,21,47,30,1,6,0,0,31.0,26.0
2022-06-22,28,70,24,43,31,2,6,0,0,30.0,27.285714285714285
2022-06-23,28,70,24,43,45,3,6,0,0,35.333333333333336,30.714285714285715
2022-06-24,28,70,24,52,36,4,6,0,0,37.333333333333336,32.142857142857146
2022-06-25,28,70,22,51,46,5,6,1,0,42.333333333333336,35.857142857142854
2022-06-26,28,70,24,48,34,6,6,1,0,38.66666666666666,35.857142857142854
2022-06-27,28,70,19,40,26,0,6,0,0,35.333333333333336,35.42857142857143
2022-06-28,28,70,24,42,26,1,6,0,0,28.666666666666668,34.857142857142854
2022-06-29,28,70,14,50,35,2,6,0,0,29.0,35.42857142857143
2022-06-30,28,70,20,44,25,3,6,0,0,28.666666666666668,32.57142857142857
2022-01-07,28,70,24,54,21,4,1,0,0,27.0,30.428571428571427
2022-02-07,28,70,24,44,22,0,2,0,1,22.666666666666668,27.0
2022-03-07,28,70,19,43,23,0,3,0,0,22.0,25.428571428571427
2022-04-07,28,70,20,40,25,3,4,0,0,23.33333333333333,25.285714285714285
2022-05-07,28,70,17,42,27,5,5,1,0,25.0,25.428571428571427
2022-06-07,28,70,17,40,19,1,6,0,0,23.666666666666668,23.142857142857142
2022-07-07,28,70,18,44,16,3,7,0,0,20.666666666666668,21.857142857142858
2022-08-07,28,70,20,45,24,6,8,1,0,19.666666666666668,22.285714285714285
2022-09-07,28,70,22,40,30,2,9,0,0,23.33333333333333,23.428571428571427
2022-10-07,28,70,18,40,27,4,10,0,0,27.0,24.0
2022-11-07,28,70,14,40,29,0,11,0,0,28.666666666666668,24.571428571428573
2022-12-07,28,70,15,41,38,2,12,0,0,31.33333333333333,26.142857142857142
2022-07-13,28,70,19,40,38,2,7,0,0,35.0,28.857142857142858
2022-07-14,28,70,14,40,40,3,7,0,0,38.66666666666666,32.285714285714285
2022-07-15,28,70,13,40,36,4,7,0,1,38.0,34.0
2022-07-16,28,70,16,50,37,5,7,1,0,37.66666666666666,35.0
2022-07-17,28,70,13,40,32,6,7,1,0,35.0,35.714285714285715
2022-07-18,28,70,13,42,39,0,7,0,0,36.0,37.142857142857146
2022-07-19,28,70,16,40,37,1,7,0,0,36.0,37.0
2022-07-20,28,70,11,40,20,2,7,0,0,32.0,34.42857142857143
2022-07-21,28,70,10,42,22,3,7,0,0,26.33333333333333,31.857142857142858
2022-07-22,28,70,8,40,16,4,7,0,0,19.33333333333333,29.0
2022-07-23,28,70,8,40,18,5,7,1,0,18.666666666666668,26.285714285714285
2022-07-24,28,70,14,40,20,6,7,1,0,18.0,24.571428571428573
2022-07-25,28,70,13,40,12,0,7,0,0,16.666666666666668,20.714285714285715
2022-07-26,28,70,8,42,15,1,7,0,0,15.666666666666666,17.571428571428573
2022-07-27,28,70,8,40,16,2,7,0,0,14.333333333333334,17.0
2022-07-28,28,70,7,40,24,3,7,0,0,18.33333333333333,17.285714285714285
2022-07-29,28,70,0,40,26,4,7,0,0,22.0,18.714285714285715
2022-07-30,28,70,7,40,25,5,7,1,0,25.0,19.714285714285715
2022-07-31,28,70,5,40,32,6,7,1,0,27.666666666666668,21.428571428571427
2022-01-08,28,70,5,40,31,5,1,1,0,29.33333333333333,24.142857142857142
2022-02-08,28,70,5,43,35,1,2,0,0,32.666666666666664,27.0
2022-03-08,28,70,8,40,47,1,3,0,0,37.66666666666666,31.428571428571427
2022-04-08,28,70,5,40,46,4,4,0,0,42.66666666666666,34.57142857142857
2022-05-08,28,70,9,42,33,6,5,1,0,42.0,35.57142857142857
2022-06-08,28,70,7,45,43,2,6,0,0,40.66666666666666,38.142857142857146
2022-07-08,28,70,8,41,41,4,7,0,0,39.0,39.42857142857143
2022-08-08,28,70,6,40,29,0,8,0,0,37.66666666666666,39.142857142857146
2022-09-08,28,70,0,40,36,3,9,0,0,35.333333333333336,39.285714285714285
2022-10-08,28,70,12,40,37,5,10,1,0,34.0,37.85714285714285
2022-11-08,28,70,4,40,21,1,11,0,0,31.33333333333333,34.285714285714285
2022-12-08,28,70,11,40,19,3,12,0,0,25.666666666666668,32.285714285714285
2022-08-13,28,70,7,40,27,5,8,1,0,22.33333333333333,30.0
2022-08-14,28,70,2,41,21,6,8,1,0,22.33333333333333,27.142857142857142
2022-08-15,28,70,5,44,22,0,8,0,1,23.33333333333333,26.142857142857142
2022-08-16,28,70,9,41,22,1,8,0,1,21.666666666666668,24.142857142857142
2022-08-17,28,70,8,44,23,2,8,0,0,22.33333333333333,22.142857142857142
2022-08-18,28,70,3,43,16,3,8,0,0,20.33333333333333,21.428571428571427
2022-08-19,28,70,8,40,31,4,8,0,0,23.33333333333333,23.142857142857142
2022-08-20,28,70,5,40,34,5,8,1,0,27.0,24.142857142857142
2022-08-21,28,70,6,43,30,6,8,1,0,31.666666666666668,25.428571428571427
2022-08-22,28,70,8,40,34,0,8,0,1,32.666666666666664,27.142857142857142
2022-08-23,28,70,0,48,29,1,8,0,0,31.0,28.142857142857142
2022-08-24,28,70,4,53,41,2,8,0,0,34.666666666666664,30.714285714285715
2022-08-25,28,70,12,52,42,3,8,0,0,37.333333333333336,34.42857142857143
2022-08-26,28,70,6,46,39,4,8,0,0,40.66666666666666,35.57142857142857
2022-08-27,28,70,8,55,44,5,8,1,1,41.66666666666666,37.0
2022-08-28,28,70,4,49,36,6,8,1,0,39.66666666666666,37.85714285714285
2022-08-29,28,70,9,47,38,0,8,0,0,39.333333333333336,38.42857142857143
2022-08-30,28,70,7,46,27,1,8,0,0,33.666666666666664,38.142857142857146
2022-08-31,28,70,6,48,29,2,8,0,0,31.33333333333333,36.42857142857143
2022-01-09,28,70,5,48,26,6,1,1,0,27.33333333333333,34.142857142857146
2022-02-09,28,70,11,52,25,2,2,0,0,26.666666666666668,32.142857142857146
2022-03-09,28,70,9,52,20,2,3,0,0,23.666666666666668,28.714285714285715
2022-04-09,28,70,10,52,19,5,4,1,0,21.33333333333333,26.285714285714285
2022-05-09,28,70,11,55,24,0,5,0,0,21.0,24.285714285714285
2022-06-09,28,70,4,60,18,3,6,0,0,20.33333333333333,23.0
2022-07-09,28,70,8,59,13,5,7,1,0,18.33333333333333,20.714285714285715
2022-08-09,28,70,13,48,32,1,8,0,0,21.0,21.571428571428573
2022-09-09,28,70,7,43,32,4,9,0,0,25.666666666666668,22.571428571428573
2022-10-09,28,70,4,61,22,6,10,1,1,28.666666666666668,22.857142857142858
2022-11-09,28,70,8,51,35,2,11,0,0,29.666666666666668,25.142857142857142
2022-12-09,28,70,16,57,31,4,12,0,0,29.33333333333333,26.142857142857142
2022-09-13,28,70,13,53,38,1,9,0,0,34.666666666666664,29.0
2022-09-14,28,70,8,51,40,2,9,0,0,36.333333333333336,32.857142857142854
2022-09-15,28,70,15,63,38,3,9,0,0,38.66666666666666,33.714285714285715
2022-09-16,28,70,12,65,36,4,9,0,0,38.0,34.285714285714285
2022-09-17,28,70,11,59,35,5,9,1,0,36.333333333333336,36.142857142857146
2022-09-18,28,70,17,50,33,6,9,1,0,34.666666666666664,35.857142857142854
2022-09-19,28,70,14,61,31,0,9,0,0,33.0,35.857142857142854
2022-09-20,28,70,24,67,32,1,9,0,0,32.0,35.0
2022-09-21,28,70,18,58,26,2,9,0,0,29.666666666666668,33.0
2022-09-22,28,70,16,67,30,3,9,0,0,29.33333333333333,31.857142857142858
2022-09-23,28,70,20,67,31,4,9,0,0,29.0,31.142857142857142
2022-09-24,28,70,12,69,19,5,9,1,0,26.666666666666668,28.857142857142858
2022-09-25,28,70,21,69,21,6,9,1,1,23.666666666666668,27.142857142857142
2022-09-26,28,70,19,65,22,0,9,0,0,20.666666666666668,25.857142857142858
2022-09-27,28,70,18,69,22,1,9,0,0,21.666666666666668,24.428571428571427
2022-09-28,28,70,14,69,21,2,9,0,0,21.666666666666668,23.714285714285715
2022-09-29,28,70,24,69,26,3,9,0,0,23.0,23.142857142857142
2022-09-30,28,70,16,69,28,4,9,0,0,25.0,22.714285714285715
2022-01-10,28,70,20,69,22,0,1,0,0,25.33333333333333,23.142857142857142
2022-02-10,28,70,24,69,35,3,2,0,0,28.33333333333333,25.142857142857142
2022-03-10,28,70,20,69,38,3,3,0,0,31.666666666666668,27.428571428571427
2022-04-10,28,70,21,65,32,6,4,1,0,35.0,28.857142857142858
2022-05-10,28,70,24,69,38,1,5,0,1,36.0,31.285714285714285
2022-06-10,28,70,23,69,43,4,6,0,0,37.66666666666666,33.714285714285715
2022-07-10,28,70,24,63,38,6,7,1,0,39.66666666666666,35.142857142857146
2022-08-10,28,70,23,69,44,2,8,0,0,41.66666666666666,38.285714285714285
2022-09-10,28,70,22,69,49,5,9,1,1,43.66666666666666,40.285714285714285
2022-10-10,28,70,20,63,31,0,10,0,0,41.333333333333336,39.285714285714285
2022-11-10,28,70,21,69,26,3,11,0,0,35.333333333333336,38.42857142857143
2022-12-10,28,70,19,57,31,5,12,1,0,29.33333333333333,37.42857142857143
2022-10-13,28,70,18,62,30,3,10,0,0,29.0,35.57142857142857
2022-10-14,28,70,23,67,23,4,10,0,1,28.0,33.42857142857143
2022-10-15,28,70,25,53,29,5,10,1,0,27.33333333333333,31.285714285714285
2022-10-16,28,70,23,66,14,6,10,1,0,22.0,26.285714285714285
2022-10-17,28,70,20,59,23,0,10,0,0,22.0,25.142857142857142
2022-10-18,28,70,21,60,17,1,10,0,0,18.0,23.857142857142858
2022-10-19,28,70,20,54,29,2,10,0,0,23.0,23.571428571428573
2022-10-20,28,70,19,52,33,3,10,0,0,26.33333333333333,24.0
2022-10-21,28,70,23,59,21,4,10,0,0,27.666666666666668,23.714285714285715
2022-10-22,28,70,21,62,25,5,10,1,0,26.33333333333333,23.142857142857142
2022-10-23,28,70,17,55,35,6,10,1,1,27.0,26.142857142857142
2022-10-24,28,70,22,60,32,0,10,0,0,30.666666666666668,27.428571428571427
2022-10-25,28,70,20,46,36,1,10,0,0,34.333333333333336,30.142857142857142
2022-10-26,28,70,21,55,38,2,10,0,0,35.333333333333336,31.428571428571427
2022-10-27,28,70,20,57,30,3,10,0,0,34.666666666666664,31.0
2022-10-28,28,70,15,53,39,4,10,0,0,35.666666666666664,33.57142857142857
2022-10-29,28,70,16,60,35,5,10,1,0,34.666666666666664,35.0
2022-10-30,28,70,19,58,35,6,10,1,0,36.333333333333336,35.0
2022-10-31,28,70,19,46,42,0,10,0,0,37.333333333333336,36.42857142857143
2022-01-11,28,70,16,55,26,1,1,0,1,34.333333333333336,35.0
2022-02-11,28,70,17,56,34,4,2,0,0,34.0,34.42857142857143
2022-03-11,28,70,20,47,25,4,3,0,0,28.33333333333333,33.714285714285715
2022-04-11,28,70,14,43,23,0,4,0,1,27.33333333333333,31.428571428571427
2022-05-11,28,70,17,45,26,2,5,0,0,24.666666666666668,30.142857142857142
2022-06-11,28,70,15,43,22,5,6,1,0,23.666666666666668,28.285714285714285
2022-07-11,28,70,15,51,22,0,7,0,0,23.33333333333333,25.428571428571427
2022-08-11,28,70,18,54,25,3,8,0,0,23.0,25.285714285714285
2022-09-11,28,70,17,39,19,6,9,1,0,22.0,23.142857142857142
2022-10-11,28,70,17,48,19,1,10,0,0,21.0,22.285714285714285
2022-11-11,28,70,19,47,20,4,11,0,0,19.33333333333333,21.857142857142858
2022-12-11,28,70,15,38,24,6,12,1,0,21.0,21.571428571428573
2022-11-13,28,70,17,42,46,6,11,1,0,30.0,25.0
2022-11-14,28,70,14,42,40,0,11,0,0,36.66666666666666,27.571428571428573
2022-11-15,28,70,15,33,29,1,11,0,0,38.333333333333336,28.142857142857142
2022-11-16,28,70,14,46,31,2,11,0,0,33.333333333333336,29.857142857142858
2022-11-17,28,70,15,38,42,3,11,0,0,34.0,33.142857142857146
2022-11-18,28,70,16,42,42,4,11,0,0,38.333333333333336,36.285714285714285
2022-11-19,28,70,12,40,42,5,11,1,0,42.0,38.85714285714285
2022-11-20,28,70,21,34,36,6,11,1,0,40.0,37.42857142857143
2022-11-21,28,70,12,39,35,0,11,0,0,37.66666666666666,36.71428571428572
2022-11-22,28,70,11,38,34,1,11,0,1,35.0,37.42857142857143
2022-11-23,28,70,18,35,30,2,11,0,0,33.0,37.285714285714285
2022-11-24,28,70,17,42,16,3,11,0,0,26.666666666666668,33.57142857142857
2022-11-25,28,70,17,44,23,4,11,0,0,23.0,30.857142857142858
2022-11-26,28,70,17,45,18,5,11,1,1,19.0,27.428571428571427
2022-11-27,28,70,16,49,21,6,11,1,0,20.666666666666668,25.285714285714285
2022-11-28,28,70,13,29,34,0,11,0,0,24.33333333333333,25.142857142857142
2022-11-29,28,70,16,44,22,1,11,0,0,25.666666666666668,23.428571428571427
2022-11-30,28,70,14,40,19,2,11,0,0,25.0,21.857142857142858
2022-01-12,28,70,19,40,27,2,1,0,1,22.666666666666668,23.428571428571427
2022-02-12,28,70,16,37,27,5,2,1,0,24.33333333333333,24.0
2022-03-12,28,70,15,34,30,5,3,1,0,28.0,25.714285714285715
2022-04-12,28,70,16,34,34,1,4,0,0,30.33333333333333,27.571428571428573
2022-05-12,28,70,19,41,44,3,5,0,0,36.0,29.0
2022-06-12,28,70,16,39,30,6,6,1,0,36.0,30.142857142857142
2022-07-12,28,70,16,37,40,1,7,0,0,38.0,33.142857142857146
2022-08-12,28,70,19,39,35,4,8,0,0,35.0,34.285714285714285
2022-09-12,28,70,20,30,42,0,9,0,0,39.0,36.42857142857143
2022-10-12,28,70,18,36,34,2,10,0,0,37.0,37.0
2022-11-12,28,70,18,34,35,5,11,1,0,37.0,37.142857142857146
2022-12-12,28,70,21,35,34,0,12,0,0,34.333333333333336,35.714285714285715
2022-12-13,28,70,16,32,38,1,12,0,0,35.666666666666664,36.85714285714285
2022-12-14,28,70,17,37,34,2,12,0,0,35.333333333333336,36.0
2022-12-15,28,70,19,45,21,3,12,0,0,31.0,34.0
2022-12-16,28,70,21,37,24,4,12,0,0,26.33333333333333,31.428571428571427
2022-12-17,28,70,23,42,18,5,12,1,0,21.0,29.142857142857142
2022-12-18,28,70,23,41,14,6,12,1,0,18.666666666666668,26.142857142857142
2022-12-19,28,70,24,36,18,0,12,0,0,16.666666666666668,23.857142857142858
2022-12-20,28,70,23,33,18,1,12,0,0,16.666666666666668,21.0
2022-12-21,28,70,24,39,33,2,12,0,0,23.0,20.857142857142858
2022-12-22,28,70,22,38,25,3,12,0,1,25.33333333333333,21.428571428571427
2022-12-23,28,70,25,31,18,4,12,0,0,25.33333333333333,20.571428571428573
2022-12-24,28,70,25,39,25,5,12,1,1,22.666666666666668,21.571428571428573
2022-12-25,28,70,23,28,36,6,12,1,0,26.33333333333333,24.714285714285715
2022-12-26,28,70,24,38,44,0,12,0,0,35.0,28.428571428571427
2022-12-27,28,70,21,50,28,1,12,0,0,36.0,29.857142857142858
2022-12-28,28,70,18,38,29,2,12,0,0,33.666666666666664,29.285714285714285
2022-12-29,28,70,22,40,48,3,12,0,0,35.0,32.57142857142857
2022-12-30,28,70,20,36,41,4,12,0,0,39.333333333333336,35.857142857142854
2022-12-31,28,70,19,39,35,5,12,1,0,41.333333333333336,37.285714285714285
2023-01-01,28,70,22,44,40,6,1,1,0,38.66666666666666,37.85714285714285
2023-02-01,28,70,19,50,22,2,2,0,0,32.333333333333336,34.714285714285715
2023-03-01,28,70,19,45,33,2,3,0,0,31.666666666666668,35.42857142857143
2023-04-01,28,70,18,49,32,5,4,1,0,29.0,35.857142857142854
2023-05-01,28,70,21,48,32,0,5,0,0,32.333333333333336,33.57142857142857
2023-06-01,28,70,18,43,19,3,6,0,0,27.666666666666668,30.428571428571427
2023-07-01,28,70,16,38,22,5,7,1,0,24.33333333333333,28.571428571428573
2023-08-01,28,70,12,45,16,1,8,0,0,19.0,25.142857142857142
2023-09-01,28,70,13,53,21,4,9,0,0,19.666666666666668,25.0
2023-10-01,28,70,9,46,15,6,10,1,0,17.333333333333332,22.428571428571427
2023-11-01,28,70,18,42,19,2,11,0,0,18.33333333333333,20.571428571428573
2023-12-01,28,70,12,52,17,4,12,0,0,17.0,18.428571428571427
2023-01-13,28,70,14,50,28,4,1,0,0,21.33333333333333,19.714285714285715
2023-01-14,28,70,7,50,32,5,1,1,0,25.666666666666668,21.142857142857142
2023-01-15,28,70,16,55,29,6,1,1,0,29.666666666666668,23.0
2023-01-16,28,70,15,48,33,0,1,0,0,31.33333333333333,24.714285714285715
2023-01-17,28,70,14,53,29,1,1,0,0,30.33333333333333,26.714285714285715
2023-01-18,28,70,18,51,36,2,1,0,0,32.666666666666664,29.142857142857142
2023-01-19,28,70,13,58,39,3,1,0,0,34.666666666666664,32.285714285714285
2023-01-20,28,70,14,56,53,4,1,0,0,42.66666666666666,35.857142857142854
2023-01-21,28,70,10,51,33,5,1,1,1,41.66666666666666,36.0
2023-01-22,28,70,9,58,45,6,1,1,0,43.66666666666666,38.285714285714285
2023-01-23,28,70,4,48,41,0,1,0,0,39.66666666666666,39.42857142857143
2023-01-24,28,70,7,59,34,1,1,0,0,40.0,40.142857142857146
2023-01-25,28,70,11,57,39,2,1,0,0,38.0,40.57142857142857
2023-01-26,28,70,12,54,29,3,1,0,0,34.0,39.142857142857146
2023-01-27,28,70,7,67,26,4,1,0,0,31.33333333333333,35.285714285714285
2023-01-28,28,70,12,69,22,5,1,1,0,25.666666666666668,33.714285714285715
2023-01-29,28,70,3,69,27,6,1,1,0,25.0,31.142857142857142
2023-01-30,28,70,4,56,25,0,1,0,0,24.666666666666668,28.857142857142858
2023-01-31,28,70,9,65,16,1,1,0,0,22.666666666666668,26.285714285714285
2023-01-02,28,70,12,51,14,0,1,0,0,18.33333333333333,22.714285714285715
2023-02-02,28,70,3,67,21,3,2,0,1,17.0,21.571428571428573
2023-03-02,28,70,7,64,21,3,3,0,0,18.666666666666668,20.857142857142858
2023-04-02,28,70,3,58,27,6,4,1,0,23.0,21.571428571428573
2023-05-02,28,70,11,57,36,1,5,0,0,28.0,22.857142857142858
2023-06-02,28,70,8,57,31,4,6,0,0,31.33333333333333,23.714285714285715
2023-07-02,28,70,6,62,36,6,7,1,0,34.333333333333336,26.571428571428573
2023-08-02,28,70,6,64,38,2,8,0,0,35.0,30.0
2023-09-02,28,70,7,67,43,5,9,1,0,39.0,33.142857142857146
2023-10-02,28,70,4,67,28,0,10,0,0,36.333333333333336,34.142857142857146
2023-11-02,28,70,9,69,36,3,11,0,0,35.666666666666664,35.42857142857143
2023-12-02,28,70,6,69,39,5,12,1,0,34.333333333333336,35.857142857142854
2023-02-13,28,70,5,69,42,0,2,0,0,39.0,37.42857142857143
2023-02-14,28,70,4,69,31,1,2,0,0,37.333333333333336,36.71428571428572
2023-02-15,28,70,3,69,21,2,2,0,0,31.33333333333333,34.285714285714285
2023-02-16,28,70,9,69,30,3,2,0,0,27.33333333333333,32.42857142857143
2023-02-17,28,70,10,69,21,4,2,0,0,24.0,31.428571428571427
2023-02-18,28,70,2,69,16,5,2,1,1,22.33333333333333,28.571428571428573
2023-02-19,28,70,5,69,17,6,2,1,0,18.0,25.428571428571427
2023-02-20,28,70,8,65,19,0,2,0,0,17.333333333333332,22.142857142857142
2023-02-21,28,70,1,69,17,1,2,0,0,17.666666666666668,20.142857142857142
2023-02-22,28,70,6,65,10,2,2,0,0,15.333333333333334,18.571428571428573
2023-02-23,28,70,2,59,27,3,2,0,0,18.0,18.142857142857142
2023-02-24,28,70,6,67,31,4,2,0,1,22.666666666666668,19.571428571428573
2023-02-25,28,70,0,66,30,5,2,1,0,29.33333333333333,21.571428571428573
2023-02-26,28,70,1,69,25,6,2,1,0,28.666666666666668,22.714285714285715
2023-02-27,28,70,7,68,32,0,2,0,0,29.0,24.571428571428573
2023-02-28,28,70,4,59,36,1,2,0,0,31.0,27.285714285714285
2023-01-03,28,70,5,69,41,1,1,0,0,36.333333333333336,31.714285714285715
2023-02-03,28,70,3,68,42,4,2,0,0,39.66666666666666,33.857142857142854
2023-03-03,28,70,11,64,36,4,3,0,0,39.66666666666666,34.57142857142857
2023-04-03,28,70,6,59,39,0,4,0,0,39.0,35.857142857142854
2023-05-03,28,70,5,55,40,2,5,0,0,38.333333333333336,38.0
2023-06-03,28,70,14,57,43,5,6,1,0,40.66666666666666,39.57142857142857
2023-07-03,28,70,12,64,37,0,7,0,0,40.0,39.71428571428572
2023-08-03,28,70,15,67,34,3,8,0,0,38.0,38.71428571428572
2023-09-03,28,70,10,64,28,6,9,1,0,33.0,36.71428571428572
2023-10-03,28,70,8,53,32,1,10,0,0,31.33333333333333,36.142857142857146
2023-11-03,28,70,6,49,24,4,11,0,0,28.0,34.0
2023-12-03,28,70,10,55,16,6,12,1,0,24.0,30.571428571428573
2023-03-13,28,70,6,45,27,0,3,0,0,22.33333333333333,28.285714285714285
2023-03-14,28,70,16,54,23,1,3,0,0,22.0,26.285714285714285
2023-03-15,28,70,17,51,18,2,3,0,0,22.666666666666668,24.0
2023-03-16,28,70,12,49,20,3,3,0,0,20.33333333333333,22.857142857142858
2023-03-17,28,70,12,43,26,4,3,0,0,21.33333333333333,22.0
2023-03-18,28,70,13,53,29,5,3,1,0,25.0,22.714285714285715
2023-03-19,28,70,20,47,31,6,3,1,0,28.666666666666668,24.857142857142858
2023-03-20,28,70,14,43,35,0,3,0,0,31.666666666666668,26.0
2023-03-21,28,70,18,40,44,1,3,0,0,36.66666666666666,29.0
2023-03-22,28,70,13,48,43,2,3,0,0,40.66666666666666,32.57142857142857
2023-03-23,28,70,14,56,40,3,3,0,0,42.333333333333336,35.42857142857143
2023-03-24,28,70,19,55,44,4,3,0,0,42.333333333333336,38.0
2023-03-25,28,70,18,44,34,5,3,1,0,39.333333333333336,38.71428571428572
2023-03-26,28,70,20,42,40,6,3,1,0,39.333333333333336,40.0
2023-03-27,28,70,18,47,45,0,3,0,1,39.66666666666666,41.42857142857143
2023-03-28,28,70,15,40,32,1,3,0,0,39.0,39.71428571428572
2023-03-29,28,70,21,45,26,2,3,0,0,34.333333333333336,37.285714285714285
2023-03-30,28,70,18,47,24,3,3,0,0,27.33333333333333,35.0
2023-03-31,28,70,21,49,19,4,3,0,0,23.0,31.428571428571427
2023-01-04,28,70,22,42,18,2,1,0,0,20.33333333333333,29.142857142857142
2023-02-04,28,70,21,41,19,5,2,1,0,18.666666666666668,26.142857142857142
2023-03-04,28,70,24,40,13,5,3,1,0,16.666666666666668,21.571428571428573
2023-04-04,28,70,23,40,20,1,4,0,0,17.333333333333332,19.857142857142858
2023-05-04,28,70,24,40,25,3,5,0,0,19.33333333333333,19.714285714285715
2023-06-04,28,70,17,42,17,6,6,1,0,20.666666666666668,18.714285714285715
2023-07-04,28,70,23,45,32,1,7,0,0,24.666666666666668,20.571428571428573
2023-08-04,28,70,24,40,30,4,8,0,0,26.33333333333333,22.285714285714285
2023-09-04,28,70,24,47,35,0,9,0,0,32.333333333333336,24.571428571428573
2023-10-04,28,70,25,40,30,2,10,0,0,31.666666666666668,27.0
2023-11-04,28,70,24,40,40,5,11,1,1,35.0,29.857142857142858
2023-12-04,28,70,24,40,32,0,12,0,0,34.0,30.857142857142858
2023-04-13,28,70,24,40,43,3,4,0,0,38.333333333333336,34.57142857142857
2023-04-14,28,70,22,43,40,4,4,0,0,38.333333333333336,35.714285714285715
2023-04-15,28,70,21,42,42,5,4,1,1,41.66666666666666,37.42857142857143
2023-04-16,28,70,22,40,32,6,4,1,0,38.0,37.0
2023-04-17,28,70,15,40,32,0,4,0,0,35.333333333333336,37.285714285714285
2023-04-18,28,70,17,40,36,1,4,0,0,33.333333333333336,36.71428571428572
2023-04-19,28,70,25,40,26,2,4,0,0,31.33333333333333,35.857142857142854
2023-04-20,28,70,24,40,30,3,4,0,0,30.666666666666668,34.0
2023-04-21,28,70,20,41,18,4,4,0,0,24.666666666666668,30.857142857142858
2023-04-22,28,70,22,40,27,5,4,1,0,25.0,28.714285714285715
2023-04-23,28,70,20,40,14,6,4,1,1,19.666666666666668,26.142857142857142
2023-04-24,28,70,22,40,22,0,4,0,0,21.0,24.714285714285715
2023-04-25,28,70,22,40,23,1,4,0,0,19.666666666666668,22.857142857142858
2023-04-26,28,70,18,40,17,2,4,0,0,20.666666666666668,21.571428571428573
2023-04-27,28,70,15,40,25,3,4,0,0,21.666666666666668,20.857142857142858
2023-04-28,28,70,13,43,25,4,4,0,0,22.33333333333333,21.857142857142858
2023-04-29,28,70,18,40,24,5,4,1,0,24.666666666666668,21.428571428571427
2023-04-30,28,70,15,40,25,6,4,1,0,24.666666666666668,23.0
2023-01-05,28,70,13,40,23,3,1,0,0,24.0,23.142857142857142
2023-02-05,28,70,15,43,37,6,2,1,0,28.33333333333333,25.142857142857142
2023-03-05,28,70,13,40,30,6,3,1,0,30.0,27.0
2023-04-05,28,70,21,40,39,2,4,0,0,35.333333333333336,29.0
2023-05-05,28,70,18,40,38,4,5,0,0,35.666666666666664,30.857142857142858
2023-06-05,28,70,16,42,43,0,6,0,0,40.0,33.57142857142857
2023-07-05,28,70,20,40,36,2,7,0,0,39.0,35.142857142857146
2023-08-05,28,70,16,40,34,5,8,1,0,37.66666666666666,36.71428571428572
2023-09-05,28,70,13,40,37,1,9,0,0,35.666666666666664,36.71428571428572
2023-10-05,28,70,20,40,32,3,10,0,0,34.333333333333336,37.0
2023-11-05,28,70,16,40,29,6,11,1,0,32.666666666666664,35.57142857142857
2023-12-05,28,70,12,40,27,1,12,0,0,29.33333333333333,34.0
2023-05-13,28,70,14,42,15,5,5,1,0,23.666666666666668,30.0
2023-05-14,28,70,12,45,24,6,5,1,0,22.0,28.285714285714285
2023-05-15,28,70,10,40,23,0,5,0,0,20.666666666666668,26.714285714285715
2023-05-16,28,70,17,40,14,1,5,0,1,20.33333333333333,23.428571428571427
2023-05-17,28,70,20,45,19,2,5,0,0,18.666666666666668,21.571428571428573
2023-05-18,28,70,10,53,22,3,5,0,0,18.33333333333333,20.571428571428573
2023-05-19,28,70,16,43,23,4,5,0,1,21.33333333333333,20.0
2023-05-20,28,70,13,40,28,5,5,1,0,24.33333333333333,21.857142857142858
2023-05-21,28,70,13,43,37,6,5,1,0,29.33333333333333,23.714285714285715
2023-05-22,28,70,13,51,38,0,5,0,0,34.333333333333336,25.857142857142858
2023-05-23,28,70,12,41,29,1,5,0,0,34.666666666666664,28.0
2023-05-24,28,70,15,41,41,2,5,0,0,36.0,31.142857142857142
2023-05-25,28,70,13,43,46,3,5,0,1,38.66666666666666,34.57142857142857
2023-05-26,28,70,16,42,41,4,5,0,0,42.66666666666666,37.142857142857146
2023-05-27,28,70,15,48,45,5,5,1,0,44.0,39.57142857142857
2023-05-28,28,70,15,56,48,6,5,1,0,44.66666666666666,41.142857142857146
2023-05-29,28,70,13,50,41,0,5,0,0,44.66666666666666,41.57142857142857
2023-05-30,28,70,14,47,35,1,5,0,0,41.333333333333336,42.42857142857143
2023-05-31,28,70,18,48,36,2,5,0,0,37.333333333333336,41.71428571428572
2023-01-06,28,70,18,42,29,4,1,0,0,33.333333333333336,39.285714285714285
2023-02-06,28,70,14,55,25,0,2,0,0,30.0,37.0
2023-03-06,28,70,17,51,21,0,3,0,1,25.0,33.57142857142857
2023-04-06,28,70,19,51,29,3,4,0,0,25.0,30.857142857142858
2023-05-06,28,70,12,69,16,5,5,1,0,22.0,27.285714285714285
2023-06-06,28,70,19,55,27,1,6,0,0,24.0,26.142857142857142
2023-07-06,28,70,16,50,23,3,7,0,0,22.0,24.285714285714285
2023-08-06,28,70,20,53,15,6,8,1,0,21.666666666666668,22.285714285714285
2023-09-06,28,70,17,61,26,2,9,0,0,21.33333333333333,22.428571428571427
2023-10-06,28,70,14,57,16,4,10,0,0,19.0,21.714285714285715
2023-11-06,28,70,15,50,33,0,11,0,0,25.0,22.285714285714285
2023-12-06,28,70,20,62,37,2,12,0,1,28.666666666666668,25.285714285714285
2023-06-13,28,70,21,55,32,1,6,0,0,34.0,26.0
2023-06-14,28,70,18,69,38,2,6,0,1,35.666666666666664,28.142857142857142
2023-06-15,28,70,23,66,49,3,6,0,0,39.66666666666666,33.0
2023-06-16,28,70,17,59,37,4,6,0,0,41.333333333333336,34.57142857142857
2023-06-17,28,70,22,68,34,5,6,1,0,40.0,37.142857142857146
2023-06-18,28,70,19,63,46,6,6,1,0,39.0,39.0
2023-06-19,28,70,21,68,46,0,6,0,0,42.0,40.285714285714285
2023-06-20,28,70,24,67,34,1,6,0,0,42.0,40.57142857142857
2023-06-21,28,70,21,61,36,2,6,0,0,38.66666666666666,40.285714285714285
2023-06-22,28,70,23,63,35,3,6,0,1,35.0,38.285714285714285
2023-06-23,28,70,22,69,21,4,6,0,0,30.666666666666668,36.0
2023-06-24,28,70,24,66,20,5,6,1,0,25.33333333333333,34.0
2023-06-25,28,70,22,66,27,6,6,1,0,22.666666666666668,31.285714285714285
2023-06-26,28,70,23,65,28,0,6,0,0,25.0,28.714285714285715
2023-06-27,28,70,21,69,22,1,6,0,0,25.666666666666668,27.0
2023-06-28,28,70,18,69,16,2,6,0,0,22.0,24.142857142857142
2023-06-29,28,70,21,67,32,3,6,0,0,23.33333333333333,23.714285714285715
2023-06-30,28,70,24,69,21,4,6,0,0,23.0,23.714285714285715
2023-01-07,28,70,19,69,25,5,1,1,0,26.0,24.428571428571427
2023-02-07,28,70,21,69,31,1,2,0,0,25.666666666666668,25.0
2023-03-07,28,70,19,69,40,1,3,0,0,32.0,26.714285714285715
2023-04-07,28,70,21,69,39,4,4,0,0,36.66666666666666,29.142857142857142
2023-05-07,28,70,19,69,39,6,5,1,1,39.333333333333336,32.42857142857143
2023-06-07,28,70,19,69,41,2,6,0,0,39.66666666666666,33.714285714285715
2023-07-07,28,70,14,66,40,4,7,0,0,40.0,36.42857142857143
2023-08-07,28,70,17,64,42,0,8,0,0,41.0,38.85714285714285
2023-09-07,28,70,16,57,26,3,9,0,0,36.0,38.142857142857146
2023-10-07,28,70,18,66,35,5,10,1,1,34.333333333333336,37.42857142857143
2023-11-07,28,70,17,66,35,1,11,0,0,32.0,36.85714285714285
2023-12-07,28,70,17,66,25,3,12,0,0,31.666666666666668,34.857142857142854
2023-07-13,28,70,14,68,30,3,7,0,1,30.0,33.285714285714285
2023-07-14,28,70,16,64,24,4,7,0,0,26.33333333333333,31.0
2023-07-15,28,70,13,66,32,5,7,1,0,28.666666666666668,29.571428571428573
2023-07-16,28,70,7,63,29,6,7,1,1,28.33333333333333,30.0
2023-07-17,28,70,10,56,17,0,7,0,0,26.0,27.428571428571427
2023-07-18,28,70,14,67,19,1,7,0,1,21.666666666666668,25.142857142857142
2023-07-19,28,70,9,56,20,2,7,0,0,18.666666666666668,24.428571428571427
2023-07-20,28,70,13,54,19,3,7,0,1,19.33333333333333,22.857142857142858
2023-07-21,28,70,17,60,25,4,7,0,0,21.33333333333333,23.0
2023-07-22,28,70,14,69,23,5,7,1,1,22.33333333333333,21.714285714285715
2023-07-23,28,70,16,61,24,6,7,1,0,24.0,21.0
2023-07-24,28,70,11,51,35,0,7,0,0,27.33333333333333,23.571428571428573
2023-07-25,28,70,10,57,38,1,7,0,0,32.333333333333336,26.285714285714285
2023-07-26,28,70,4,61,33,2,7,0,0,35.333333333333336,28.142857142857142
2023-07-27,28,70,8,58,43,3,7,0,0,38.0,31.571428571428573
2023-07-28,28,70,9,50,36,4,7,0,0,37.333333333333336,33.142857142857146
2023-07-29,28,70,6,51,41,5,7,1,0,40.0,35.714285714285715
2023-07-30,28,70,15,54,42,6,7,1,0,39.66666666666666,38.285714285714285
2023-07-31,28,70,7,54,36,0,7,0,0,39.66666666666666,38.42857142857143
2023-01-08,28,70,5,54,36,6,1,1,1,38.0,38.142857142857146
2023-02-08,28,70,12,56,29,2,2,0,0,33.666666666666664,37.57142857142857
2023-03-08,28,70,4,42,27,2,3,0,0,30.666666666666668,35.285714285714285
2023-04-08,28,70,6,51,24,5,4,1,0,26.666666666666668,33.57142857142857
2023-05-08,28,70,8,43,19,0,5,0,0,23.33333333333333,30.428571428571427
2023-06-08,28,70,5,41,20,3,6,0,0,21.0,27.285714285714285
2023-07-08,28,70,0,43,12,5,7,1,0,17.0,23.857142857142858
2023-08-08,28,70,6,49,17,1,8,0,0,16.333333333333332,21.142857142857142
2023-09-08,28,70,5,45,19,4,9,0,0,16.0,19.714285714285715
2023-10-08,28,70,7,46,20,6,10,1,0,18.666666666666668,18.714285714285715
2023-11-08,28,70,8,50,22,2,11,0,0,20.33333333333333,18.428571428571427
2023-12-08,28,70,3,44,26,4,12,0,0,22.666666666666668,19.428571428571427
2023-08-13,28,70,8,51,32,6,8,1,0,26.666666666666668,21.142857142857142
2023-08-14,28,70,5,38,37,0,8,0,0,31.666666666666668,24.714285714285715
2023-08-15,28,70,7,46,32,1,8,0,0,33.666666666666664,26.857142857142858
2023-08-16,28,70,4,42,31,2,8,0,0,33.333333333333336,28.571428571428573
2023-08-17,28,70,5,41,34,3,8,0,0,32.333333333333336,30.571428571428573
2023-08-18,28,70,2,44,37,4,8,0,0,34.0,32.714285714285715
2023-08-19,28,70,7,39,38,5,8,1,0,36.333333333333336,34.42857142857143
2023-08-20,28,70,6,44,34,6,8,1,0,36.333333333333336,34.714285714285715
2023-08-21,28,70,9,37,30,0,8,0,0,34.0,33.714285714285715
2023-08-22,28,70,7,48,32,1,8,0,0,32.0,33.714285714285715
2023-08-23,28,70,5,40,32,2,8,0,1,31.33333333333333,33.857142857142854
2023-08-24,28,70,4,31,31,3,8,0,0,31.666666666666668,33.42857142857143
2023-08-25,28,70,9,45,23,4,8,0,0,28.666666666666668,31.428571428571427
2023-08-26,28,70,4,43,21,5,8,1,1,25.0,29.0
2023-08-27,28,70,2,37,16,6,8,1,0,20.0,26.428571428571427
2023-08-28,28,70,5,38,20,0,8,0,0,19.0,25.0
2023-08-29,28,70,1,37,15,1,8,0,0,17.0,22.571428571428573
2023-08-30,28,70,9,36,23,2,8,0,0,19.33333333333333,21.285714285714285
2023-08-31,28,70,11,36,13,3,8,0,0,17.0,18.714285714285715
2023-01-09,28,70,13,33,22,0,1,0,0,19.33333333333333,18.571428571428573
2023-02-09,28,70,3,36,28,3,2,0,0,21.0,19.571428571428573
2023-03-09,28,70,6,39,30,3,3,0,0,26.666666666666668,21.571428571428573
2023-04-09,28,70,9,35,46,6,4,1,0,34.666666666666664,25.285714285714285
2023-05-09,28,70,8,29,37,1,5,0,0,37.66666666666666,28.428571428571427
2023-06-09,28,70,12,39,32,4,6,0,0,38.333333333333336,29.714285714285715
2023-07-09,28,70,2,43,38,6,7,1,0,35.666666666666664,33.285714285714285
2023-08-09,28,70,9,32,31,2,8,0,0,33.666666666666664,34.57142857142857
2023-09-09,28,70,10,39,39,5,9,1,0,36.0,36.142857142857146
2023-10-09,28,70,8,49,34,0,10,0,1,34.666666666666664,36.71428571428572
2023-11-09,28,70,9,34,41,3,11,0,0,38.0,36.0
2023-12-09,28,70,11,41,31,5,12,1,0,35.333333333333336,35.142857142857146
2023-09-13,28,70,14,39,31,2,9,0,0,34.333333333333336,35.0
2023-09-14,28,70,11,37,25,3,9,0,0,29.0,33.142857142857146
2023-09-15,28,70,7,37,34,4,9,0,0,30.0,33.57142857142857
2023-09-16,28,70,9,35,21,5,9,1,0,26.666666666666668,31.0
2023-09-17,28,70,9,41,30,6,9,1,0,28.33333333333333,30.428571428571427
2023-09-18,28,70,15,36,24,0,9,0,0,25.0,28.0
2023-09-19,28,70,17,40,22,1,9,0,1,25.33333333333333,26.714285714285715
2023-09-20,28,70,15,36,22,2,9,0,0,22.666666666666668,25.428571428571427
2023-09-21,28,70,15,36,23,3,9,0,0,22.33333333333333,25.142857142857142
2023-09-22,28,70,13,44,14,4,9,0,1,19.666666666666668,22.285714285714285
2023-09-23,28,70,21,35,25,5,9,1,0,20.666666666666668,22.857142857142858
2023-09-24,28,70,12,43,33,6,9,1,0,24.0,23.285714285714285
2023-09-25,28,70,18,37,32,0,9,0,0,30.0,24.428571428571427
2023-09-26,28,70,19,39,28,1,9,0,0,31.0,25.285714285714285
2023-09-27,28,70,21,32,37,2,9,0,0,32.333333333333336,27.428571428571427
2023-09-28,28,70,24,43,47,3,9,0,0,37.333333333333336,30.857142857142858
2023-09-29,28,70,17,44,46,4,9,0,0,43.333333333333336,35.42857142857143
2023-09-30,28,70,20,43,39,5,9,1,0,44.0,37.42857142857143
2023-01-10,28,70,24,44,43,1,1,0,0,42.66666666666666,38.85714285714285
2023-02-10,28,70,25,39,35,4,2,0,0,39.0,39.285714285714285
2023-03-10,28,70,22,52,26,4,3,0,0,34.666666666666664,39.0
2023-04-10,28,70,17,50,27,0,4,0,0,29.33333333333333,37.57142857142857
2023-05-10,28,70,23,50,36,2,5,0,1,29.666666666666668,36.0
2023-06-10,28,70,23,41,24,5,6,1,0,29.0,32.857142857142854
2023-07-10,28,70,24,37,22,0,7,0,0,27.33333333333333,30.428571428571427
2023-08-10,28,70,25,47,20,3,8,0,0,22.0,27.142857142857142
2023-09-10,28,70,17,48,29,6,9,1,0,23.666666666666668,26.285714285714285
2023-10-10,28,70,25,47,28,1,10,0,0,25.666666666666668,26.571428571428573
2023-11-10,28,70,24,42,31,4,11,0,0,29.33333333333333,27.142857142857142
2023-12-10,28,70,24,53,21,6,12,1,0,26.666666666666668,25.0
2023-10-13,28,70,21,48,25,4,10,0,0,25.666666666666668,25.142857142857142
2023-10-14,28,70,24,45,18,5,10,1,0,21.33333333333333,24.571428571428573
2023-10-15,28,70,22,48,36,6,10,1,0,26.33333333333333,26.857142857142858
2023-10-16,28,70,19,50,26,0,10,0,0,26.666666666666668,26.428571428571427
2023-10-17,28,70,21,47,36,1,10,0,0,32.666666666666664,27.571428571428573
2023-10-18,28,70,21,66,31,2,10,0,0,31.0,27.571428571428573
2023-10-19,28,70,21,50,36,3,10,0,0,34.333333333333336,29.714285714285715
2023-10-20,28,70,20,57,35,4,10,0,0,34.0,31.142857142857142
2023-10-21,28,70,21,64,36,5,10,1,0,35.666666666666664,33.714285714285715
2023-10-22,28,70,19,53,36,6,10,1,1,35.666666666666664,33.714285714285715
2023-10-23,28,70,18,49,34,0,10,0,0,35.333333333333336,34.857142857142854
2023-10-24,28,70,17,57,39,1,10,0,0,36.333333333333336,35.285714285714285
2023-10-25,28,70,18,53,26,2,10,0,0,33.0,34.57142857142857
2023-10-26,28,70,17,50,30,3,10,0,0,31.666666666666668,33.714285714285715
2023-10-27,28,70,16,52,32,4,10,0,0,29.33333333333333,33.285714285714285
2023-10-28,28,70,18,52,21,5,10,1,0,27.666666666666668,31.142857142857142
2023-10-29,28,70,16,57,18,6,10,1,0,23.666666666666668,28.571428571428573
2023-10-30,28,70,21,61,19,0,10,0,0,19.33333333333333,26.428571428571427
2023-10-31,28,70,10,69,25,1,10,0,0,20.666666666666668,24.428571428571427
2023-01-11,28,70,20,64,21,2,1,0,1,21.666666666666668,23.714285714285715
2023-02-11,28,70,20,68,19,5,2,1,0,21.666666666666668,22.142857142857142
2023-03-11,28,70,10,54,26,5,3,1,0,22.0,21.285714285714285
2023-04-11,28,70,15,66,20,1,4,0,0,21.666666666666668,21.142857142857142
2023-05-11,28,70,14,66,32,3,5,0,0,26.0,23.142857142857142
2023-06-11,28,70,11,64,34,6,6,1,0,28.666666666666668,25.285714285714285
2023-07-11,28,70,13,68,33,1,7,0,0,33.0,26.428571428571427
2023-08-11,28,70,12,60,33,4,8,0,0,33.333333333333336,28.142857142857142
2023-09-11,28,70,20,69,34,0,9,0,0,33.333333333333336,30.285714285714285
2023-10-11,28,70,18,69,42,2,10,0,0,36.333333333333336,32.57142857142857
2023-11-11,28,70,19,69,46,5,11,1,0,40.66666666666666,36.285714285714285
2023-12-11,28,70,17,69,35,0,12,0,0,41.0,36.71428571428572
2023-11-13,28,70,11,69,39,0,11,0,0,40.0,37.42857142857143
2023-11-14,28,70,13,69,24,1,11,0,0,32.666666666666664,36.142857142857146
2023-11-15,28,70,16,69,29,2,11,0,0,30.666666666666668,35.57142857142857
2023-11-16,28,70,11,69,29,3,11,0,0,27.33333333333333,34.857142857142854
2023-11-17,28,70,17,66,21,4,11,0,0,26.33333333333333,31.857142857142858
2023-11-18,28,70,14,69,19,5,11,1,0,23.0,28.0
2023-11-19,28,70,13,64,18,6,11,1,0,19.33333333333333,25.571428571428573
2023-11-20,28,70,17,69,21,0,11,0,0,19.33333333333333,23.0
2023-11-21,28,70,16,69,19,1,11,0,1,19.33333333333333,22.285714285714285
2023-11-22,28,70,14,62,10,2,11,0,0,16.666666666666668,19.571428571428573
2023-11-23,28,70,18,67,11,3,11,0,0,13.333333333333334,17.0
2023-11-24,28,70,12,64,20,4,11,0,0,13.666666666666666,16.857142857142858
2023-11-25,28,70,17,68,28,5,11,1,0,19.666666666666668,18.142857142857142
2023-11-26,28,70,17,69,15,6,11,1,0,21.0,17.714285714285715
2023-11-27,28,70,15,56,29,0,11,0,0,24.0,18.857142857142858
2023-11-28,28,70,17,65,32,1,11,0,0,25.33333333333333,20.714285714285715
2023-11-29,28,70,12,62,44,2,11,0,0,35.0,25.571428571428573
2023-11-30,28,70,19,66,37,3,11,0,1,37.66666666666666,29.285714285714285
2023-01-12,28,70,16,63,41,3,1,0,0,40.66666666666666,32.285714285714285
2023-02-12,28,70,15,57,40,6,2,1,0,39.333333333333336,34.0
2023-03-12,28,70,20,58,28,6,3,1,0,36.333333333333336,35.857142857142854
2023-04-12,28,70,15,55,41,2,4,0,0,36.333333333333336,37.57142857142857
2023-05-12,28,70,13,64,36,4,5,0,0,35.0,38.142857142857146
2023-06-12,28,70,13,58,34,0,6,0,1,37.0,36.71428571428572
2023-07-12,28,70,20,66,48,2,7,0,0,39.333333333333336,38.285714285714285
2023-08-12,28,70,15,56,16,5,8,1,1,32.666666666666664,34.714285714285715
2023-09-12,28,70,24,52,32,1,9,0,0,32.0,33.57142857142857
2023-10-12,28,70,13,47,20,3,10,0,1,22.666666666666668,32.42857142857143
2023-11-12,28,70,25,45,21,6,11,1,0,24.33333333333333,29.571428571428573
2023-12-12,28,70,21,45,19,1,12,0,0,20.0,27.142857142857142
2023-12-13,28,70,20,54,18,2,12,0,0,19.33333333333333,24.857142857142858
2023-12-14,28,70,19,54,18,3,12,0,0,18.33333333333333,20.571428571428573
2023-12-15,28,70,23,43,25,4,12,0,0,20.33333333333333,21.857142857142858
2023-12-16,28,70,22,55,18,5,12,1,0,20.33333333333333,19.857142857142858
2023-12-17,28,70,24,47,32,6,12,1,0,25.0,21.571428571428573
2023-12-18,28,70,23,50,29,0,12,0,0,26.33333333333333,22.714285714285715
2023-12-19,28,70,24,57,29,1,12,0,1,30.0,24.142857142857142
2023-12-20,28,70,23,52,34,2,12,0,1,30.666666666666668,26.428571428571427
2023-12-21,28,70,24,46,45,3,12,0,0,36.0,30.285714285714285
2023-12-22,28,70,24,42,37,4,12,0,0,38.66666666666666,32.0
2023-12-23,28,70,20,40,41,5,12,1,0,41.0,35.285714285714285
2023-12-24,28,70,22,42,35,6,12,1,0,37.66666666666666,35.714285714285715
2023-12-25,28,70,22,44,41,0,12,0,0,39.0,37.42857142857143
2023-12-26,28,70,23,40,38,1,12,0,0,38.0,38.71428571428572
2023-12-27,28,70,23,43,41,2,12,0,0,40.0,39.71428571428572
2023-12-28,28,70,22,44,28,3,12,0,0,35.666666666666664,37.285714285714285
2023-12-29,28,70,21,42,29,4,12,0,0,32.666666666666664,36.142857142857146
2023-12-30,28,70,23,40,24,5,12,1,0,27.0,33.714285714285715
2023-12-31,28,70,23,43,28,6,12,1,0,27.0,32.714285714285715
2024-01-01,28,70,20,44,16,0,1,0,0,22.666666666666668,29.142857142857142
2024-02-01,28,70,23,40,23,3,2,0,0,22.33333333333333,27.0
2024-03-01,28,70,18,48,19,4,3,0,0,19.33333333333333,23.857142857142858
2024-04-01,28,70,24,40,21,0,4,0,0,21.0,22.857142857142858
2024-05-01,28,70,15,40,24,2,5,0,0,21.33333333333333,22.142857142857142
2024-06-01,28,70,16,43,27,5,6,1,0,24.0,22.571428571428573
2024-07-01,28,70,16,41,28,0,7,0,0,26.33333333333333,22.571428571428573
2024-08-01,28,70,14,44,33,3,8,0,0,29.33333333333333,25.0
2024-09-01,28,70,11,40,42,6,9,1,0,34.333333333333336,27.714285714285715
2024-10-01,28,70,13,40,42,1,10,0,0,39.0,31.0
2024-11-01,28,70,21,40,43,4,11,0,0,42.333333333333336,34.142857142857146
2024-12-01,28,70,18,40,37,6,12,1,0,40.66666666666666,36.0
2024-01-13,28,70,16,40,35,5,1,1,1,38.333333333333336,37.142857142857146
2024-01-14,28,70,14,40,43,6,1,1,0,38.333333333333336,39.285714285714285
2024-01-15,28,70,12,40,41,0,1,0,0,39.66666666666666,40.42857142857143
2024-01-16,28,70,15,40,42,1,1,0,0,42.0,40.42857142857143
2024-01-17,28,70,12,40,29,2,1,0,0,37.333333333333336,38.57142857142857
2024-01-18,28,70,14,40,28,3,1,0,0,33.0,36.42857142857143
2024-01-19,28,70,13,56,18,4,1,0,0,25.0,33.714285714285715
2024-01-20,28,70,15,40,22,5,1,1,0,22.666666666666668,31.857142857142858
2024-01-21,28,70,13,40,26,6,1,1,0,22.0,29.428571428571427
2024-01-22,28,70,14,43,18,0,1,0,0,22.0,26.142857142857142
2024-01-23,28,70,13,40,23,1,1,0,0,22.33333333333333,23.428571428571427
2024-01-24,28,70,6,42,19,2,1,0,0,20.0,22.0
2024-01-25,28,70,12,65,23,3,1,0,0,21.666666666666668,21.285714285714285
2024-01-26,28,70,1,40,17,4,1,0,0,19.666666666666668,21.142857142857142
2024-01-27,28,70,7,46,26,5,1,1,0,22.0,21.714285714285715
2024-01-28,28,70,8,40,13,6,1,1,0,18.666666666666668,19.857142857142858
2024-01-29,28,70,11,42,30,0,1,0,0,23.0,21.571428571428573
2024-01-30,28,70,6,42,26,1,1,0,0,23.0,22.0
2024-01-31,28,70,9,40,43,2,1,0,0,33.0,25.428571428571427
2024-01-02,28,70,7,45,42,1,1,0,0,37.0,28.142857142857142
2024-02-02,28,70,0,40,42,4,2,0,0,42.333333333333336,31.714285714285715
2024-03-02,28,70,7,40,47,5,3,1,0,43.66666666666666,34.714285714285715
2024-04-02,28,70,3,40,34,1,4,0,0,41.0,37.71428571428572
2024-05-02,28,70,8,40,46,3,5,0,0,42.333333333333336,40.0
2024-06-02,28,70,6,43,40,6,6,1,0,40.0,42.0
2024-07-02,28,70,1,43,31,1,7,0,0,39.0,40.285714285714285
2024-08-02,28,70,8,40,35,4,8,0,0,35.333333333333336,39.285714285714285
2024-09-02,28,70,0,46,21,0,9,0,0,29.0,36.285714285714285
2024-10-02,28,70,4,40,20,2,10,0,0,25.33333333333333,32.42857142857143
2024-11-02,28,70,7,46,18,5,11,1,0,19.666666666666668,30.142857142857142
2024-12-02,28,70,4,46,17,0,12,0,0,18.33333333333333,26.0
2024-02-13,28,70,3,40,14,1,2,0,0,16.333333333333332,22.285714285714285
2024-02-14,28,70,4,40,26,2,2,0,0,19.0,21.571428571428573
2024-02-15,28,70,10,40,20,3,2,0,0,20.0,19.428571428571427
2024-02-16,28,70,8,41,25,4,2,0,0,23.666666666666668,20.0
2024-02-17,28,70,6,41,23,5,2,1,0,22.666666666666668,20.428571428571427
2024-02-18,28,70,6,47,19,6,2,1,0,22.33333333333333,20.571428571428573
2024-02-19,28,70,4,50,33,0,2,0,0,25.0,22.857142857142858
2024-02-20,28,70,5,51,24,1,2,0,0,25.33333333333333,24.285714285714285
2024-02-21,28,70,10,42,36,2,2,0,0,31.0,25.714285714285715
2024-02-22,28,70,5,44,31,3,2,0,0,30.33333333333333,27.285714285714285
2024-02-23,28,70,4,40,49,4,2,0,0,38.66666666666666,30.714285714285715
2024-02-24,28,70,5,43,44,5,2,1,0,41.333333333333336,33.714285714285715
2024-02-25,28,70,3,52,39,6,2,1,0,44.0,36.57142857142857
2024-02-26,28,70,4,56,44,0,2,0,0,42.333333333333336,38.142857142857146
2024-02-27,28,70,5,42,31,1,2,0,1,38.0,39.142857142857146
2024-02-28,28,70,7,46,35,2,2,0,0,36.66666666666666,39.0
2024-02-29,28,70,12,50,30,3,2,0,0,32.0,38.85714285714285
2024-01-03,28,70,6,52,28,2,1,0,0,31.0,35.857142857142854
2024-02-03,28,70,7,47,30,5,2,1,0,29.33333333333333,33.857142857142854
2024-03-03,28,70,7,54,25,6,3,1,0,27.666666666666668,31.857142857142858
2024-04-03,28,70,12,50,22,2,4,0,0,25.666666666666668,28.714285714285715
2024-05-03,28,70,12,53,11,4,5,0,0,19.33333333333333,25.857142857142858
2024-06-03,28,70,6,56,15,0,6,0,0,16.0,23.0
2024-07-03,28,70,9,55,20,2,7,0,0,15.333333333333334,21.571428571428573
2024-08-03,28,70,8,53,23,5,8,1,0,19.33333333333333,20.857142857142858
2024-09-03,28,70,10,55,20,1,9,0,0,21.0,19.428571428571427
2024-10-03,28,70,10,56,40,3,10,0,1,27.666666666666668,21.571428571428573
2024-11-03,28,70,8,56,39,6,11,1,0,33.0,24.0
2024-12-03,28,70,13,57,37,1,12,0,1,38.66666666666666,27.714285714285715
2024-03-13,28,70,11,67,37,2,3,0,0,37.66666666666666,30.857142857142858
2024-03-14,28,70,13,63,37,3,3,0,0,37.0,33.285714285714285
2024-03-15,28,70,14,59,35,4,3,0,0,36.333333333333336,35.0
2024-03-16,28,70,14,65,40,5,3,1,0,37.333333333333336,37.85714285714285
2024-03-17,28,70,13,61,40,6,3,1,0,38.333333333333336,37.85714285714285
2024-03-18,28,70,15,69,31,0,3,0,0,37.0,36.71428571428572
2024-03-19,28,70,10,66,37,1,3,0,0,36.0,36.71428571428572
2024-03-20,28,70,17,64,32,2,3,0,0,33.333333333333336,36.0
2024-03-21,28,70,16,68,20,3,3,0,0,29.666666666666668,33.57142857142857
2024-03-22,28,70,17,59,22,4,3,0,0,24.666666666666668,31.714285714285715
2024-03-23,28,70,12,62,22,5,3,1,0,21.33333333333333,29.142857142857142
2024-03-24,28,70,16,62,31,6,3,1,0,25.0,27.857142857142858
2024-03-25,28,70,14,69,23,0,3,0,1,25.33333333333333,26.714285714285715
2024-03-26,28,70,22,69,13,1,3,0,0,22.33333333333333,23.285714285714285
2024-03-27,28,70,17,68,22,2,3,0,1,19.33333333333333,21.857142857142858
2024-03-28,28,70,16,69,13,3,3,0,0,16.0,20.857142857142858
2024-03-29,28,70,19,69,28,4,3,0,0,21.0,21.714285714285715
2024-03-30,28,70,17,64,23,5,3,1,0,21.33333333333333,21.857142857142858
2024-03-31,28,70,22,69,28,6,3,1,0,26.33333333333333,21.428571428571427
2024-01-04,28,70,17,69,38,3,1,0,0,29.666666666666668,23.571428571428573
2024-02-04,28,70,14,69,27,6,2,1,0,31.0,25.571428571428573
2024-03-04,28,70,23,69,29,0,3,0,1,31.33333333333333,26.571428571428573
2024-04-04,28,70,24,69,35,3,4,0,0,30.33333333333333,29.714285714285715
2024-05-04,28,70,18,68,44,5,5,1,0,36.0,32.0
2024-06-04,28,70,19,67,32,1,6,0,0,37.0,33.285714285714285
2024-07-04,28,70,25,69,25,3,7,0,0,33.666666666666664,32.857142857142854
2024-08-04,28,70,24,68,35,6,8,1,0,30.666666666666668,32.42857142857143
2024-09-04,28,70,24,58,38,2,9,0,1,32.666666666666664,34.0
2024-10-04,28,70,21,69,38,4,10,0,1,37.0,35.285714285714285
2024-11-04,28,70,21,69,27,0,11,0,1,34.333333333333336,34.142857142857146
2024-12-04,28,70,21,67,25,2,12,0,1,30.0,31.428571428571427
2024-04-13,28,70,21,59,30,5,4,1,0,27.33333333333333,31.142857142857142
2024-04-14,28,70,23,54,12,6,4,1,0,22.33333333333333,29.285714285714285
2024-04-15,28,70,23,69,18,0,4,0,0,20.0,26.857142857142858
2024-04-16,28,70,23,60,20,1,4,0,1,16.666666666666668,24.285714285714285
2024-04-17,28,70,18,64,22,2,4,0,0,20.0,22.0
2024-04-18,28,70,24,61,18,3,4,0,0,20.0,20.714285714285715
2024-04-19,28,70,20,47,23,4,4,0,0,21.0,20.428571428571427
2024-04-20,28,70,20,67,13,5,4,1,0,18.0,18.0
2024-04-21,28,70,22,57,25,6,4,1,0,20.33333333333333,19.857142857142858
2024-04-22,28,70,16,55,33,0,4,0,0,23.666666666666668,22.0
2024-04-23,28,70,20,52,29,1,4,0,0,29.0,23.285714285714285
2024-04-24,28,70,19,56,37,2,4,0,0,33.0,25.428571428571427
2024-04-25,28,70,20,54,40,3,4,0,0,35.333333333333336,28.571428571428573
2024-04-26,28,70,19,57,38,4,4,0,0,38.333333333333336,30.714285714285715
2024-04-27,28,70,25,53,40,5,4,1,0,39.333333333333336,34.57142857142857
2024-04-28,28,70,15,55,34,6,4,1,0,37.333333333333336,35.857142857142854
2024-04-29,28,70,15,50,36,0,4,0,0,36.66666666666666,36.285714285714285
2024-04-30,28,70,15,54,38,1,4,0,0,36.0,37.57142857142857
2024-01-05,28,70,15,49,33,4,1,0,0,35.666666666666664,37.0
2024-02-05,28,70,14,51,27,0,2,0,0,32.666666666666664,35.142857142857146
2024-03-05,28,70,20,44,28,1,3,0,0,29.33333333333333,33.714285714285715
2024-04-05,28,70,20,50,28,4,4,0,0,27.666666666666668,32.0
2024-05-05,28,70,14,58,12,6,5,1,0,22.666666666666668,28.857142857142858
2024-06-05,28,70,13,42,26,2,6,0,0,22.0,27.428571428571427
2024-07-05,28,70,17,52,18,4,7,0,0,18.666666666666668,24.571428571428573
2024-08-05,28,70,13,50,22,0,8,0,1,22.0,23.0
2024-09-05,28,70,17,49,27,3,9,0,0,22.33333333333333,23.0
2024-10-05,28,70,15,39,16,5,10,1,0,21.666666666666668,21.285714285714285
2024-11-05,28,70,10,56,21,1,11,0,0,21.33333333333333,20.285714285714285
2024-12-05,28,70,19,29,26,3,12,0,0,21.0,22.285714285714285
2024-05-13,28,70,20,39,27,0,5,0,0,24.666666666666668,22.428571428571427
2024-05-14,28,70,13,43,42,1,5,0,0,31.666666666666668,25.857142857142858
2024-05-15,28,70,13,44,32,2,5,0,0,33.666666666666664,27.285714285714285
2024-05-16,28,70,15,42,35,3,5,0,0,36.333333333333336,28.428571428571427
2024-05-17,28,70,16,40,40,4,5,0,0,35.666666666666664,31.857142857142858
2024-05-18,28,70,17,39,33,5,5,1,0,36.0,33.57142857142857
2024-05-19,28,70,21,39,37,6,5,1,0,36.66666666666666,35.142857142857146
2024-05-20,28,70,14,41,39,0,5,0,0,36.333333333333336,36.85714285714285
2024-05-21,28,70,12,42,34,1,5,0,1,36.66666666666666,35.714285714285715
2024-05-22,28,70,11,42,32,2,5,0,0,35.0,35.714285714285715
2024-05-23,28,70,13,41,27,3,5,0,0,31.0,34.57142857142857
2024-05-24,28,70,15,34,19,4,5,0,0,26.0,31.571428571428573
2024-05-25,28,70,21,37,26,5,5,1,0,24.0,30.571428571428573
2024-05-26,28,70,14,54,31,6,5,1,0,25.33333333333333,29.714285714285715
2024-05-27,28,70,16,36,20,0,5,0,0,25.666666666666668,27.0
2024-05-28,28,70,16,38,21,1,5,0,1,24.0,25.142857142857142
2024-05-29,28,70,20,39,23,2,5,0,1,21.33333333333333,23.857142857142858
2024-05-30,28,70,24,41,14,3,5,0,0,19.33333333333333,22.0
2024-05-31,28,70,15,33,31,4,5,0,0,22.666666666666668,23.714285714285715
2024-01-06,28,70,15,34,26,5,1,1,0,23.666666666666668,23.714285714285715
2024-02-06,28,70,20,42,36,1,2,0,0,31.0,24.428571428571427
2024-03-06,28,70,19,36,27,2,3,0,0,29.666666666666668,25.428571428571427
2024-04-06,28,70,23,43,43,5,4,1,0,35.333333333333336,28.571428571428573
2024-05-06,28,70,20,45,40,0,5,0,0,36.66666666666666,31.0
2024-06-06,28,70,17,41,41,3,6,0,0,41.333333333333336,34.857142857142854
2024-07-06,28,70,20,34,40,5,7,1,0,40.333333333333336,36.142857142857146
2024-08-06,28,70,22,33,38,1,8,0,0,39.66666666666666,37.85714285714285
2024-09-06,28,70,22,35,45,4,9,0,1,41.0,39.142857142857146
2024-10-06,28,70,21,34,38,6,10,1,0,40.333333333333336,40.71428571428572
2024-11-06,28,70,23,36,26,2,11,0,0,36.333333333333336,38.285714285714285
2024-12-06,28,70,24,41,27,4,12,0,0,30.33333333333333,36.42857142857143
2024-06-13,28,70,25,36,29,3,6,0,0,27.33333333333333,34.714285714285715
2024-06-14,28,70,23,34,28,4,6,0,0,28.0,33.0
2024-06-15,28,70,21,35,24,5,6,1,0,27.0,31.0
2024-06-16,28,70,23,33,28,6,6,1,0,26.666666666666668,28.571428571428573
2024-06-17,28,70,24,35,11,0,6,0,1,21.0,24.714285714285715
2024-06-18,28,70,21,37,20,1,6,0,0,19.666666666666668,23.857142857142858
2024-06-19,28,70,25,34,11,2,6,0,0,14.0,21.571428571428573
2024-06-20,28,70,23,40,24,3,6,0,0,18.33333333333333,20.857142857142858
2024-06-21,28,70,25,44,22,4,6,0,0,19.0,20.0
2024-06-22,28,70,21,41,27,5,6,1,1,24.33333333333333,20.428571428571427
2024-06-23,28,70,24,44,23,6,6,1,0,24.0,19.714285714285715
2024-06-24,28,70,24,44,37,0,6,0,1,29.0,23.428571428571427
2024-06-25,28,70,23,42,39,1,6,0,0,33.0,26.142857142857142
2024-06-26,28,70,21,45,39,2,6,0,0,38.333333333333336,30.142857142857142
2024-06-27,28,70,20,43,37,3,6,0,0,38.333333333333336,32.0
2024-06-28,28,70,15,51,42,4,6,0,0,39.333333333333336,34.857142857142854
2024-06-29,28,70,22,41,36,5,6,1,1,38.333333333333336,36.142857142857146
2024-06-30,28,70,20,43,43,6,6,1,0,40.333333333333336,39.0
2024-01-07,28,70,20,47,46,6,1,1,0,41.66666666666666,40.285714285714285
2024-02-07,28,70,15,40,41,2,2,0,0,43.333333333333336,40.57142857142857
2024-03-07,28,70,20,39,29,3,3,0,0,38.66666666666666,39.142857142857146
2024-04-07,28,70,18,53,32,6,4,1,0,34.0,38.42857142857143
2024-05-07,28,70,16,49,21,1,5,0,0,27.33333333333333,35.42857142857143
2024-06-07,28,70,17,49,27,4,6,0,0,26.666666666666668,34.142857142857146
2024-07-07,28,70,19,51,24,6,7,1,0,24.0,31.428571428571427
2024-08-07,28,70,16,42,11,2,8,0,0,20.666666666666668,26.428571428571427
2024-09-07,28,70,13,48,14,5,9,1,0,16.333333333333332,22.571428571428573
2024-10-07,28,70,19,49,18,0,10,0,0,14.333333333333334,21.0
2024-11-07,28,70,15,58,19,3,11,0,0,17.0,19.142857142857142
2024-12-07,28,70,17,46,16,5,12,1,0,17.666666666666668,18.428571428571427
2024-07-13,28,70,11,56,27,5,7,1,0,20.666666666666668,18.428571428571427
2024-07-14,28,70,18,50,29,6,7,1,1,24.0,19.142857142857142
2024-07-15,28,70,15,49,29,0,7,0,0,28.33333333333333,21.714285714285715
2024-07-16,28,70,12,45,30,1,7,0,0,29.33333333333333,24.0
2024-07-17,28,70,8,59,41,2,7,0,0,33.333333333333336,27.285714285714285
2024-07-18,28,70,12,68,46,3,7,0,0,39.0,31.142857142857142
2024-07-19,28,70,13,53,37,4,7,0,0,41.333333333333336,34.142857142857146
2024-07-20,28,70,6,45,36,5,7,1,0,39.66666666666666,35.42857142857143
2024-07-21,28,70,15,49,41,6,7,1,0,38.0,37.142857142857146
2024-07-22,28,70,17,55,36,0,7,0,0,37.66666666666666,38.142857142857146
2024-07-23,28,70,9,59,35,1,7,0,0,37.333333333333336,38.85714285714285
2024-07-24,28,70,11,53,37,2,7,0,0,36.0,38.285714285714285
2024-07-25,28,70,12,63,21,3,7,0,1,31.0,34.714285714285715
2024-07-26,28,70,7,56,34,4,7,0,0,30.666666666666668,34.285714285714285
2024-07-27,28,70,8,57,25,5,7,1,0,26.666666666666668,32.714285714285715
2024-07-28,28,70,10,55,20,6,7,1,0,26.33333333333333,29.714285714285715
2024-07-29,28,70,12,47,20,0,7,0,0,21.666666666666668,27.428571428571427
2024-07-30,28,70,5,60,19,1,7,0,0,19.666666666666668,25.142857142857142
2024-07-31,28,70,6,65,11,2,7,0,0,16.666666666666668,21.428571428571427
2024-01-08,28,70,8,64,28,0,1,0,0,19.33333333333333,22.428571428571427
2024-02-08,28,70,1,69,22,3,2,0,0,20.33333333333333,20.714285714285715
2024-03-08,28,70,10,69,27,4,3,0,0,25.666666666666668,21.0
2024-04-08,28,70,11,68,32,0,4,0,0,27.0,22.714285714285715
2024-05-08,28,70,9,69,25,2,5,0,1,28.0,23.428571428571427
2024-06-08,28,70,6,67,36,5,6,1,0,31.0,25.857142857142858
2024-07-08,28,70,5,69,34,0,7,0,0,31.666666666666668,29.142857142857142
2024-08-08,28,70,7,64,42,3,8,0,0,37.333333333333336,31.142857142857142
2024-09-08,28,70,5,69,28,6,9,1,1,34.666666666666664,32.0
2024-10-08,28,70,9,69,39,1,10,0,0,36.333333333333336,33.714285714285715
2024-11-08,28,70,1,69,36,4,11,0,0,34.333333333333336,34.285714285714285
2024-12-08,28,70,6,69,40,6,12,1,0,38.333333333333336,36.42857142857143
2024-08-13,28,70,2,69,38,1,8,0,0,38.0,36.71428571428572
2024-08-14,28,70,4,69,30,2,8,0,0,36.0,36.142857142857146
2024-08-15,28,70,4,69,27,3,8,0,0,31.666666666666668,34.0
2024-08-16,28,70,4,69,27,4,8,0,1,28.0,33.857142857142854
2024-08-17,28,70,4,66,20,5,8,1,0,24.666666666666668,31.142857142857142
2024-08-18,28,70,4,68,26,6,8,1,0,24.33333333333333,29.714285714285715
2024-08-19,28,70,2,69,19,0,8,0,0,21.666666666666668,26.714285714285715
2024-08-20,28,70,5,69,10,1,8,0,0,18.33333333333333,22.714285714285715
2024-08-21,28,70,4,69,18,2,8,0,0,15.666666666666666,21.0
2024-08-22,28,70,6,69,15,3,8,0,0,14.333333333333334,19.285714285714285
2024-08-23,28,70,2,69,14,4,8,0,0,15.666666666666666,17.428571428571427
2024-08-24,28,70,8,66,18,5,8,1,0,15.666666666666666,17.142857142857142
2024-08-25,28,70,1,68,28,6,8,1,1,20.0,17.428571428571427
2024-08-26,28,70,7,65,37,0,8,0,0,27.666666666666668,20.0
2024-08-27,28,70,11,66,35,1,8,0,1,33.333333333333336,23.571428571428573
2024-08-28,28,70,7,61,33,2,8,0,0,35.0,25.714285714285715
2024-08-29,28,70,9,51,40,3,8,0,0,36.0,29.285714285714285
2024-08-30,28,70,5,61,37,4,8,0,0,36.66666666666666,32.57142857142857
2024-08-31,28,70,10,68,36,5,8,1,0,37.66666666666666,35.142857142857146
2024-01-09,28,70,9,65,33,1,1,0,0,35.333333333333336,35.857142857142854
2024-02-09,28,70,14,64,29,4,2,0,0,32.666666666666664,34.714285714285715
2024-03-09,28,70,10,65,34,5,3,1,0,32.0,34.57142857142857
2024-04-09,28,70,16,59,34,1,4,0,0,32.333333333333336,34.714285714285715
2024-05-09,28,70,14,58,30,3,5,0,0,32.666666666666664,33.285714285714285
2024-06-09,28,70,7,53,25,6,6,1,0,29.666666666666668,31.571428571428573
2024-07-09,28,70,8,54,20,1,7,0,0,25.0,29.285714285714285
2024-08-09,28,70,9,58,25,4,8,0,0,23.33333333333333,28.142857142857142
2024-09-09,28,70,14,60,14,0,9,0,0,19.666666666666668,26.0
2024-10-09,28,70,11,53,24,2,10,0,0,21.0,24.571428571428573
2024-11-09,28,70,11,51,15,5,11,1,0,17.666666666666668,21.857142857142858
2024-12-09,28,70,15,52,17,0,12,0,0,18.666666666666668,20.0
2024-09-13,28,70,8,54,15,4,9,0,0,15.666666666666666,18.571428571428573
2024-09-14,28,70,10,44,22,5,9,1,0,18.0,18.857142857142858
2024-09-15,28,70,14,40,32,6,9,1,0,23.0,19.857142857142858
2024-09-16,28,70,14,47,33,0,9,0,0,29.0,22.571428571428573
2024-09-17,28,70,13,43,38,1,9,0,0,34.333333333333336,24.571428571428573
2024-09-18,28,70,21,46,38,2,9,0,0,36.333333333333336,27.857142857142858
2024-09-19,28,70,16,47,32,3,9,0,0,36.0,30.0
2024-09-20,28,70,18,45,37,4,9,0,0,35.666666666666664,33.142857142857146
2024-09-21,28,70,19,54,36,5,9,1,0,35.0,35.142857142857146
2024-09-22,28,70,17,48,46,6,9,1,0,39.66666666666666,37.142857142857146
2024-09-23,28,70,12,47,32,0,9,0,0,38.0,37.0
2024-09-24,28,70,16,48,40,1,9,0,0,39.333333333333336,37.285714285714285
2024-09-25,28,70,20,40,38,2,9,0,0,36.66666666666666,37.285714285714285
2024-09-26,28,70,17,49,40,3,9,0,0,39.333333333333336,38.42857142857143
2024-09-27,28,70,15,43,25,4,9,0,0,34.333333333333336,36.71428571428572
2024-09-28,28,70,17,46,28,5,9,1,0,31.0,35.57142857142857
2024-09-29,28,70,20,40,34,6,9,1,0,29.0,33.857142857142854
2024-09-30,28,70,23,40,18,0,9,0,0,26.666666666666668,31.857142857142858
2024-01-10,28,70,19,46,12,2,1,0,0,21.33333333333333,27.857142857142858
2024-02-10,28,70,20,43,10,5,2,1,0,13.333333333333334,23.857142857142858
2024-03-10,28,70,19,40,24,6,3,1,0,15.333333333333334,21.571428571428573
2024-04-10,28,70,21,40,13,2,4,0,0,15.666666666666666,19.857142857142858
2024-05-10,28,70,20,46,22,4,5,0,0,19.666666666666668,19.0
2024-06-10,28,70,25,40,29,0,6,0,0,21.33333333333333,18.285714285714285
2024-07-10,28,70,20,48,31,2,7,0,0,27.33333333333333,20.142857142857142
2024-08-10,28,70,24,40,35,5,8,1,0,31.666666666666668,23.428571428571427
2024-09-10,28,70,19,42,37,1,9,0,0,34.333333333333336,27.285714285714285
2024-10-10,28,70,22,40,44,3,10,0,0,38.66666666666666,30.142857142857142
2024-11-10,28,70,21,41,34,6,11,1,0,38.333333333333336,33.142857142857146
2024-12-10,28,70,24,40,36,1,12,0,0,38.0,35.142857142857146
2024-10-13,28,70,21,40,35,6,10,1,0,35.0,36.0
2024-10-14,28,70,21,40,42,0,10,0,0,37.66666666666666,37.57142857142857
2024-10-15,28,70,21,40,40,1,10,0,0,39.0,38.285714285714285
2024-10-16,28,70,23,41,36,2,10,0,0,39.333333333333336,38.142857142857146
2024-10-17,28,70,23,40,37,3,10,0,0,37.66666666666666,37.142857142857146
2024-10-18,28,70,19,40,22,4,10,0,0,31.666666666666668,35.42857142857143
2024-10-19,28,70,20,40,33,5,10,1,0,30.666666666666668,35.0
2024-10-20,28,70,24,40,30,6,10,1,0,28.33333333333333,34.285714285714285
2024-10-21,28,70,25,40,24,0,10,0,0,29.0,31.714285714285715
2024-10-22,28,70,20,49,29,1,10,0,0,27.666666666666668,30.142857142857142
2024-10-23,28,70,19,41,11,2,10,0,0,21.33333333333333,26.571428571428573
2024-10-24,28,70,19,40,18,3,10,0,0,19.33333333333333,23.857142857142858
2024-10-25,28,70,20,40,18,4,10,0,0,15.666666666666666,23.285714285714285
2024-10-26,28,70,15,40,28,5,10,1,0,21.33333333333333,22.571428571428573
2024-10-27,28,70,17,40,22,6,10,1,0,22.666666666666668,21.428571428571427
2024-10-28,28,70,12,40,34,0,10,0,0,28.0,22.857142857142858
2024-10-29,28,70,18,43,40,1,10,0,0,32.0,24.428571428571427
2024-10-30,28,70,19,41,39,2,10,0,0,37.66666666666666,28.428571428571427
2024-10-31,28,70,15,41,39,3,10,0,0,39.333333333333336,31.428571428571427
2024-01-11,28,70,21,40,34,3,1,0,1,37.333333333333336,33.714285714285715
2024-02-11,28,70,12,40,35,6,2,1,0,36.0,34.714285714285715
2024-03-11,28,70,11,42,45,0,3,0,1,38.0,38.0
2024-04-11,28,70,16,41,42,3,4,0,0,40.66666666666666,39.142857142857146
2024-05-11,28,70,18,40,36,5,5,1,0,41.0,38.57142857142857
2024-06-11,28,70,20,40,31,1,6,0,0,36.333333333333336,37.42857142857143
2024-07-11,28,70,14,40,21,3,7,0,0,29.33333333333333,34.857142857142854
2024-08-11,28,70,18,47,22,6,8,1,0,24.666666666666668,33.142857142857146
2024-09-11,28,70,15,40,34,2,9,0,0,25.666666666666668,33.0
2024-10-11,28,70,14,40,16,4,10,0,0,24.0,28.857142857142858
2024-11-11,28,70,17,41,22,0,11,0,0,24.0,26.0
2024-12-11,28,70,17,41,25,2,12,0,0,21.0,24.428571428571427
2024-11-13,28,70,10,42,13,2,11,0,0,20.0,21.857142857142858
2024-11-14,28,70,19,43,21,3,11,0,0,19.666666666666668,21.857142857142858
2024-11-15,28,70,19,41,27,4,11,0,0,20.33333333333333,22.571428571428573
2024-11-16,28,70,13,50,24,5,11,1,0,24.0,21.142857142857142
2024-11-17,28,70,16,40,41,6,11,1,0,30.666666666666668,24.714285714285715
2024-11-18,28,70,16,40,21,0,11,0,0,28.666666666666668,24.571428571428573
2024-11-19,28,70,15,44,38,1,11,0,0,33.333333333333336,26.428571428571427
2024-11-20,28,70,13,40,34,2,11,0,0,31.0,29.428571428571427
2024-11-21,28,70,13,44,41,3,11,0,0,37.66666666666666,32.285714285714285
2024-11-22,28,70,15,54,41,4,11,0,0,38.66666666666666,34.285714285714285
2024-11-23,28,70,19,46,36,5,11,1,0,39.333333333333336,36.0
2024-11-24,28,70,17,48,40,6,11,1,1,39.0,35.857142857142854
2024-11-25,28,70,14,41,29,0,11,0,1,35.0,37.0
2024-11-26,28,70,18,45,39,1,11,0,0,36.0,37.142857142857146
2024-11-27,28,70,10,47,35,2,11,0,0,34.333333333333336,37.285714285714285
2024-11-28,28,70,20,48,34,3,11,0,0,36.0,36.285714285714285
2024-11-29,28,70,11,56,33,4,11,0,0,34.0,35.142857142857146
2024-11-30,28,70,16,53,27,5,11,1,0,31.33333333333333,33.857142857142854
2024-12-01,28,70,14,46,23,4,1,0,0,27.666666666666668,31.428571428571427
2024-02-12,28,70,13,53,16,0,2,0,0,22.0,29.571428571428573
2024-03-12,28,70,21,55,16,1,3,0,0,18.33333333333333,26.285714285714285
2024-04-12,28,70,16,59,25,4,4,0,0,19.0,24.857142857142858
2024-05-12,28,70,19,62,27,6,5,1,0,22.666666666666668,23.857142857142858
2024-06-12,28,70,18,50,21,2,6,0,0,24.33333333333333,22.142857142857142
2024-07-12,28,70,20,52,24,4,7,0,0,24.0,21.714285714285715
2024-08-12,28,70,19,50,22,0,8,0,0,22.33333333333333,21.571428571428573
2024-09-12,28,70,16,56,35,3,9,0,0,27.0,24.285714285714285
2024-10-12,28,70,23,60,36,5,10,1,0,31.0,27.142857142857142
2024-11-12,28,70,19,64,45,1,11,0,0,38.66666666666666,30.0
2024-12-12,28,70,16,59,33,3,12,0,0,38.0,30.857142857142858
2024-12-13,28,70,20,59,37,4,12,0,1,38.333333333333336,33.142857142857146
2024-12-14,28,70,24,62,41,5,12,1,0,37.0,35.57142857142857
2024-12-15,28,70,25,58,42,6,12,1,0,40.0,38.42857142857143
2024-12-16,28,70,21,69,37,0,12,0,0,40.0,38.71428571428572
2024-12-17,28,70,22,55,32,1,12,0,0,37.0,38.142857142857146
2024-12-18,28,70,23,65,38,2,12,0,1,35.666666666666664,37.142857142857146
2024-12-19,28,70,20,69,35,3,12,0,0,35.0,37.42857142857143
2024-12-20,28,70,24,66,23,4,12,0,0,32.0,35.42857142857143
2024-12-21,28,70,24,66,32,5,12,1,0,30.0,34.142857142857146
2024-12-22,28,70,21,66,29,6,12,1,0,28.0,32.285714285714285
2024-12-23,28,70,23,68,21,0,12,0,0,27.33333333333333,30.0
2024-12-24,28,70,24,69,20,1,12,0,0,23.33333333333333,28.285714285714285
2024-12-25,28,70,24,59,22,2,12,0,0,21.0,26.0
2024-12-26,28,70,23,69,16,3,12,0,1,19.33333333333333,23.285714285714285
2024-12-27,28,70,22,65,22,4,12,0,0,20.0,23.142857142857142
2024-12-28,28,70,19,69,13,5,12,1,0,17.0,20.428571428571427
2024-12-29,28,70,21,69,31,6,12,1,0,22.0,20.714285714285715
2024-12-30,28,70,18,69,22,0,12,0,0,22.0,20.857142857142858
2024-12-31,28,70,21,68,20,1,12,0,0,24.33333333333333,20.857142857142858
2025-01-01,28,70,20,69,32,2,1,0,0,24.666666666666668,22.285714285714285
2025-01-02,28,70,22,69,32,5,2,1,0,28.0,24.571428571428573
2025-01-03,28,70,20,69,27,5,3,1,0,30.33333333333333,25.285714285714285
2025-01-04,28,70,22,69,36,1,4,0,0,31.666666666666668,28.571428571428573
2025-01-05,28,70,20,69,41,3,5,0,0,34.666666666666664,30.0
2025-01-06,28,70,20,67,32,6,6,1,0,36.333333333333336,31.428571428571427
2025-01-07,28,70,21,69,26,1,7,0,0,33.0,32.285714285714285
2025-01-08,28,70,21,68,32,4,8,0,1,30.0,32.285714285714285
2025-01-09,28,70,22,69,23,0,9,0,0,27.0,31.0
2025-01-10,28,70,22,69,21,2,10,0,0,25.33333333333333,30.142857142857142
2025-01-11,28,70,20,69,22,5,11,1,0,22.0,28.142857142857142
2025-01-12,28,70,21,67,34,0,12,0,0,25.666666666666668,27.142857142857142
2025-01-13,28,70,20,69,24,0,1,0,0,26.666666666666668,26.0
2025-01-14,28,70,22,69,21,1,1,0,0,26.33333333333333,25.285714285714285
2025-01-15,28,70,22,68,32,2,1,0,0,25.666666666666668,25.285714285714285
2025-01-16,28,70,20,69,20,3,1,0,0,24.33333333333333,24.857142857142858
2025-01-17,28,70,21,69,22,4,1,0,0,24.666666666666668,25.0
2025-01-18,28,70,20,69,27,5,1,1,0,23.0,25.714285714285715
2025-01-19,28,70,21,69,18,6,1,1,0,22.33333333333333,23.428571428571427
2025-01-20,28,70,20,69,20,0,1,0,1,21.666666666666668,22.857142857142858
2025-01-21,28,70,22,69,23,1,1,0,0,20.33333333333333,23.142857142857142
2025-01-22,28,70,21,69,21,2,1,0,0,21.33333333333333,21.571428571428573
2025-01-23,28,70,22,69,22,3,1,0,0,22.0,21.857142857142858
2025-01-24,28,70,21,69,21,4,1,0,0,21.33333333333333,21.714285714285715
2025-01-25,28,70,20,69,22,5,1,1,1,21.666666666666668,21.0
2025-01-26,28,70,21,69,23,6,1,1,0,22.0,21.714285714285715
2025-01-27,28,70,22,69,19,0,1,0,0,21.33333333333333,21.571428571428573
2025-01-28,28,70,21,69,32,1,1,0,0,24.666666666666668,22.857142857142858
2025-01-29,28,70,20,69,22,2,1,0,0,24.33333333333333,23.0
2025-01-30,28,70,21,69,22,3,1,0,0,25.33333333333333,23.0
2025-01-31,28,70,22,69,19,4,1,0,0,21.0,22.714285714285715
2025-02-01,28,70,20,69,21,3,1,0,0,20.666666666666668,22.571428571428573
2025-02-02,28,70,22,69,22,6,2,1,0,20.666666666666668,22.428571428571427
2025-02-03,28,70,21,68,22,6,3,1,1,21.666666666666668,22.857142857142858
2025-02-04,28,70,22,67,25,2,4,0,0,23.0,21.857142857142858
2025-02-05,28,70,20,69,20,4,5,0,0,22.33333333333333,21.571428571428573
2025-02-06,28,70,20,69,34,0,6,0,0,26.33333333333333,23.285714285714285
2025-02-07,28,70,21,69,20,2,7,0,0,24.666666666666668,23.428571428571427
2025-02-08,28,70,22,68,32,5,8,1,1,28.666666666666668,25.0
2025-02-09,28,70,21,69,21,1,9,0,0,24.33333333333333,24.857142857142858
2025-02-10,28,70,21,69,20,3,10,0,0,24.33333333333333,24.571428571428573
2025-02-11,28,70,20,69,23,6,11,1,0,21.33333333333333,24.285714285714285
2025-02-12,28,70,22,69,20,1,12,0,0,21.0,24.285714285714285
2025-02-13,28,70,20,69,19,3,2,0,0,20.666666666666668,22.142857142857142
2025-02-14,28,70,20,68,21,4,2,0,0,20.0,22.285714285714285
2025-02-15,28,70,22,69,20,5,2,1,0,20.0,20.571428571428573
2025-02-16,28,70,20,69,22,6,2,1,0,21.0,20.714285714285715
2025-02-17,28,70,21,69,31,0,2,0,0,24.33333333333333,22.285714285714285
2025-02-18,28,70,21,69,21,1,2,0,0,24.666666666666668,22.0
2025-02-19,28,70,21,69,23,2,2,0,0,25.0,22.428571428571427
2025-02-20,28,70,20,69,20,3,2,0,0,21.33333333333333,22.571428571428573
2025-02-21,28,70,20,69,25,4,2,0,0,22.666666666666668,23.142857142857142
2025-02-22,28,70,21,69,22,5,2,1,0,22.33333333333333,23.428571428571427
2025-02-23,28,70,21,69,32,6,2,1,0,26.33333333333333,24.857142857142858
2025-02-24,28,70,20,69,23,0,2,0,0,25.666666666666668,23.714285714285715
2025-02-25,28,70,21,68,21,1,2,0,0,25.33333333333333,23.714285714285715
2025-02-26,28,70,20,69,20,2,2,0,0,21.33333333333333,23.285714285714285
2025-02-27,28,70,20,69,18,3,2,0,0,19.666666666666668,23.0
2025-02-28,28,70,21,69,36,4,2,0,0,24.666666666666668,24.571428571428573
2025-01-01,28,70,22,69,21,4,1,0,0,25.0,24.428571428571427
2025-03-02,28,70,21,69,22,0,2,0,0,26.33333333333333,23.0
2025-03-03,28,70,20,69,35,0,3,0,0,26.0,24.714285714285715
2025-03-04,28,70,21,69,21,3,4,0,0,26.0,24.714285714285715
2025-03-05,28,70,20,68,20,5,5,1,0,25.33333333333333,24.714285714285715
2025-03-06,28,70,20,69,32,1,6,0,0,24.33333333333333,26.714285714285715
2025-03-07,28,70,22,68,22,3,7,0,0,24.666666666666668,24.714285714285715
2025-03-08,28,70,21,69,19,6,8,1,0,24.33333333333333,24.428571428571427
2025-03-09,28,70,21,69,21,2,9,0,0,20.666666666666668,24.285714285714285
2025-03-10,28,70,21,68,20,4,10,0,0,20.0,22.142857142857142
2025-03-11,28,70,22,69,19,0,11,0,0,20.0,21.857142857142858
2025-03-12,28,70,20,69,21,2,12,0,0,20.0,22.0
2025-03-13,28,70,21,69,21,3,3,0,0,20.33333333333333,20.428571428571427
2025-03-14,28,70,20,69,20,4,3,0,0,20.666666666666668,20.142857142857142
2025-03-15,28,70,22,45,18,5,3,1,0,19.666666666666668,20.0
2025-03-16,28,70,21,69,32,6,3,1,0,23.33333333333333,21.571428571428573
2025-03-17,28,70,21,69,18,0,3,0,0,22.666666666666668,21.285714285714285
2025-03-18,28,70,22,68,22,1,3,0,0,24.0,21.714285714285715
2025-03-19,28,70,22,45,23,2,3,0,0,21.0,22.0
2025-03-20,28,70,21,69,19,3,3,0,0,21.33333333333333,21.714285714285715
2025-03-21,28,70,21,68,23,4,3,0,0,21.666666666666668,22.142857142857142
2025-03-22,28,70,21,67,18,5,3,1,0,20.0,22.142857142857142
2025-03-23,28,70,21,68,34,6,3,1,0,25.0,22.428571428571427
2025-03-24,28,70,21,69,21,0,3,0,0,24.33333333333333,22.857142857142858
2025-03-25,28,70,21,68,18,1,3,0,0,24.33333333333333,22.285714285714285
2025-03-26,28,70,21,68,32,2,3,0,0,23.666666666666668,23.571428571428573
2025-03-27,28,70,21,69,18,3,3,0,0,22.666666666666668,23.428571428571427
2025-03-28,28,70,21,69,21,4,3,0,0,23.666666666666668,23.142857142857142
2025-03-29,28,70,21,69,20,5,3,1,0,19.666666666666668,23.428571428571427
2025-03-30,28,70,22,69,23,6,3,1,0,21.33333333333333,21.857142857142858
2025-03-31,28,70,21,69,20,0,3,0,0,21.0,21.714285714285715
2025-04-01,28,70,21,69,22,5,1,1,0,21.666666666666668,22.285714285714285
2025-04-02,28,70,20,68,22,1,2,0,0,21.33333333333333,20.857142857142858
2025-04-03,28,70,21,67,18,1,3,0,0,20.666666666666668,20.857142857142858
2025-04-04,28,70,21,69,23,4,4,0,0,21.0,21.142857142857142
2025-04-05,28,70,21,69,23,6,5,1,0,21.33333333333333,21.571428571428573
2025-04-06,28,70,21,69,23,2,6,0,1,23.0,21.571428571428573
2025-04-07,28,70,22,69,23,4,7,0,0,23.0,22.0
2025-04-08,28,70,21,68,22,0,8,0,0,22.666666666666668,22.0
2025-04-09,28,70,22,69,21,3,9,0,0,22.0,21.857142857142858
2025-04-10,28,70,22,69,21,5,10,1,0,21.33333333333333,22.285714285714285
2025-04-11,28,70,21,68,20,1,11,0,0,20.666666666666668,21.857142857142858
2025-04-12,28,70,21,69,18,3,12,0,0,19.666666666666668,21.142857142857142
2025-04-13,28,70,21,69,21,6,4,1,0,19.666666666666668,20.857142857142858
2025-04-14,28,70,22,68,29,0,4,0,0,22.666666666666668,21.714285714285715
2025-04-15,28,70,22,69,21,1,4,0,0,23.666666666666668,21.571428571428573
2025-04-16,28,70,21,69,26,2,4,0,0,25.33333333333333,22.285714285714285
2025-04-17,28,70,21,69,22,3,4,0,1,23.0,22.428571428571427
2025-04-18,28,70,21,68,19,4,4,0,0,22.33333333333333,22.285714285714285
2025-04-19,28,70,21,69,23,5,4,1,1,21.33333333333333,23.0
2025-04-20,28,70,20,68,19,6,4,1,0,20.33333333333333,22.714285714285715
2025-04-21,28,70,21,69,20,0,4,0,0,20.666666666666668,21.428571428571427
2025-04-22,28,70,21,69,26,1,4,0,0,21.666666666666668,22.142857142857142
2025-04-23,28,70,21,69,19,2,4,0,0,21.666666666666668,21.142857142857142
2025-04-24,28,70,20,69,18,3,4,0,0,21.0,20.571428571428573
2025-04-25,28,70,20,69,22,4,4,0,0,19.666666666666668,21.0
2025-04-26,28,70,21,69,22,5,4,1,0,20.666666666666668,20.857142857142858
2025-04-27,28,70,21,69,19,6,4,1,0,21.0,20.857142857142858
2025-04-28,28,70,22,69,20,0,4,0,0,20.33333333333333,20.857142857142858
2025-04-29,28,70,21,69,22,1,4,0,0,20.33333333333333,20.285714285714285
2025-04-30,28,70,21,69,21,2,4,0,0,21.0,20.571428571428573
2025-05-01,28,70,20,69,19,6,1,1,0,20.666666666666668,20.714285714285715
2025-05-02,28,70,22,69,30,2,2,0,0,23.33333333333333,21.857142857142858
2025-05-03,28,70,22,69,19,2,3,0,0,22.666666666666668,21.428571428571427
2025-05-04,28,70,21,69,23,5,4,1,0,24.0,22.0
2025-05-05,28,70,21,69,32,0,5,0,0,24.666666666666668,23.714285714285715
2025-05-06,28,70,20,69,23,3,6,0,0,26.0,23.857142857142858
2025-05-07,28,70,22,69,23,5,7,1,0,26.0,24.142857142857142
2025-05-08,28,70,21,69,19,1,8,0,0,21.666666666666668,24.142857142857142
2025-05-09,28,70,21,69,21,4,9,0,0,21.0,22.857142857142858
2025-05-10,28,70,21,68,21,6,10,1,0,20.33333333333333,23.142857142857142
2025-05-11,28,70,21,69,18,2,11,0,1,20.0,22.428571428571427
2025-05-12,28,70,22,69,29,4,12,0,0,22.666666666666668,22.0
2025-05-13,28,70,21,69,18,1,5,0,0,21.666666666666668,21.285714285714285
2025-05-14,28,70,21,69,23,2,5,0,0,23.33333333333333,21.285714285714285
2025-05-15,28,70,22,69,35,3,5,0,0,25.33333333333333,23.571428571428573
2025-05-16,28,70,20,68,21,4,5,0,1,26.33333333333333,23.571428571428573
2025-05-17,28,70,20,69,22,5,5,1,0,26.0,23.714285714285715
2025-05-18,28,70,22,69,19,6,5,1,0,20.666666666666668,23.857142857142858
2025-05-19,28,70,21,69,22,0,5,0,0,21.0,22.857142857142858
2025-05-20,28,70,21,68,32,1,5,0,0,24.33333333333333,24.857142857142858
2025-05-21,28,70,21,69,21,2,5,0,0,25.0,24.571428571428573
2025-05-22,28,70,20,68,22,3,5,0,0,25.0,22.714285714285715
2025-05-23,28,70,20,67,20,4,5,0,0,21.0,22.571428571428573
2025-05-24,28,70,20,69,19,5,5,1,0,20.33333333333333,22.142857142857142
2025-05-25,28,70,21,69,23,6,5,1,0,20.666666666666668,22.714285714285715
2025-05-26,28,70,22,69,20,0,5,0,0,20.666666666666668,22.428571428571427
2025-05-27,28,70,21,69,19,1,5,0,0,20.666666666666668,20.571428571428573
2025-05-28,28,70,21,69,21,2,5,0,0,20.0,20.571428571428573
2025-05-29,28,70,20,69,23,3,5,0,0,21.0,20.714285714285715
2025-05-30,28,70,20,69,31,4,5,0,0,25.0,22.285714285714285
2025-05-31,28,70,20,69,20,5,5,1,0,24.666666666666668,22.428571428571427
2025-06-01,28,70,20,69,21,0,1,0,0,24.0,22.142857142857142
2025-06-02,28,70,22,69,20,3,2,0,0,20.33333333333333,22.142857142857142
2025-06-03,28,70,20,69,19,3,3,0,0,20.0,22.142857142857142
2025-06-04,28,70,21,69,22,6,4,1,0,20.33333333333333,22.285714285714285
2025-06-05,28,70,20,69,22,1,5,0,1,21.0,22.142857142857142
2025-06-06,28,70,22,69,21,4,6,0,0,21.666666666666668,20.714285714285715
2025-06-07,28,70,20,69,15,6,7,1,0,19.33333333333333,20.0
2025-06-08,28,70,21,68,21,2,8,0,0,19.0,20.0
2025-06-09,28,70,22,69,20,5,9,1,0,18.666666666666668,20.0
2025-06-10,28,70,22,69,20,0,10,0,0,20.33333333333333,20.142857142857142
2025-06-11,28,70,22,68,18,3,11,0,0,19.33333333333333,19.571428571428573
2025-06-12,28,70,22,69,21,5,12,1,0,19.666666666666668,19.428571428571427
2025-06-13,28,70,22,67,18,4,6,0,0,19.0,19.0
2025-06-14,28,70,22,69,22,5,6,1,1,20.33333333333333,20.0
2025-06-15,28,70,22,69,23,6,6,1,0,21.0,20.285714285714285
2025-06-16,28,70,21,69,19,0,6,0,0,21.33333333333333,20.142857142857142
2025-06-17,28,70,21,68,22,1,6,0,0,21.33333333333333,20.428571428571427
2025-06-18,28,70,21,68,20,2,6,0,0,20.33333333333333,20.714285714285715
2025-06-19,28,70,20,68,22,3,6,0,0,21.33333333333333,20.857142857142858
2025-06-20,28,70,22,69,21,4,6,0,0,21.0,21.285714285714285
2025-06-21,28,70,21,69,32,5,6,1,1,25.0,22.714285714285715
2025-06-22,28,70,22,63,21,6,6,1,0,24.666666666666668,22.428571428571427
2025-06-23,28,70,20,69,18,0,6,0,0,23.666666666666668,22.285714285714285
2025-06-24,28,70,21,69,23,1,6,0,1,20.666666666666668,22.428571428571427
2025-06-25,28,70,21,69,23,2,6,0,0,21.33333333333333,22.857142857142858
2025-06-26,28,70,20,62,20,3,6,0,1,22.0,22.571428571428573
2025-06-27,28,70,21,69,21,4,6,0,0,21.33333333333333,22.571428571428573
2025-06-28,28,70,21,69,19,5,6,1,1,20.0,20.714285714285715
2025-06-29,28,70,21,64,22,6,6,1,0,20.666666666666668,20.857142857142858
2025-06-30,28,70,21,68,21,0,6,0,0,20.666666666666668,21.285714285714285
2025-01-07,28,70,21,65,35,1,1,0,1,26.0,23.0
2025-02-07,28,70,22,69,34,4,2,0,0,30.0,24.571428571428573
2025-03-07,28,70,20,34,20,4,3,0,0,29.666666666666668,24.571428571428573
2025-04-07,28,70,20,69,21,0,4,0,0,25.0,24.571428571428573
2025-05-07,28,70,20,69,23,2,5,0,0,21.33333333333333,25.142857142857142
2025-06-07,28,70,21,56,21,5,6,1,0,21.666666666666668,25.0
2025-07-07,28,70,21,69,21,0,7,0,0,21.666666666666668,25.0
2025-08-07,28,70,21,56,34,3,8,0,0,25.33333333333333,24.857142857142858
2025-09-07,28,70,22,69,22,6,9,1,0,25.666666666666668,23.142857142857142
2025-10-07,28,70,22,69,27,1,10,0,0,27.666666666666668,24.142857142857142
2025-11-07,28,70,21,69,20,4,11,0,0,23.0,24.0
2025-12-07,28,70,20,45,23,6,12,1,0,23.33333333333333,24.0
2025-07-13,28,70,22,69,23,6,7,1,0,22.0,24.285714285714285
2025-07-14,28,70,21,57,32,0,7,0,1,26.0,25.857142857142858
