date,available_doctors,available_nurses,total_doctors,total_nurses,day_of_week,month,is_weekend,holiday_flag,staff_absenteeism_rate,staff_shift_type_A,staff_shift_type_B,staff_shift_type_C
2022-01-01,16,35,19,35,5,1,1,0,0.0245450257208562,1,0,0
2022-01-02,13,23,19,35,6,1,1,1,0.0077150932361909,0,0,1
2022-01-03,17,20,19,35,0,1,0,0,0.0187852598144995,0,0,1
2022-01-04,14,27,19,35,1,1,0,0,0.0235235211031405,1,0,0
2022-01-05,16,26,19,35,2,1,0,0,0.0346102562233909,0,1,0
2022-01-06,19,22,19,35,3,1,0,1,0.0200246582948751,0,1,0
2022-01-07,12,29,19,35,4,1,0,0,0.0242554129427578,1,0,0
2022-01-08,16,29,19,35,5,1,1,0,0.0106797318635479,0,1,0
2022-01-09,17,35,19,35,6,1,1,0,0.0084510596383412,0,1,0
2022-01-10,14,33,19,35,0,1,0,0,0.0071692801026961,0,1,0
2022-01-11,13,21,19,35,1,1,0,0,0.0157973172588914,0,0,1
2022-01-12,17,20,19,35,2,1,0,0,0.0406205115300686,0,0,1
2022-01-13,17,35,19,35,3,1,0,0,0.0159792374056014,0,0,1
2022-01-14,12,26,19,35,4,1,0,0,0.0236462635394205,0,1,0
2022-01-15,15,27,19,35,5,1,1,0,0.0255709795857099,0,0,1
2022-01-16,14,20,19,35,6,1,1,0,0.0090847089096384,0,1,0
2022-01-17,11,22,19,35,0,1,0,0,0.0156489314938786,1,0,0
2022-01-18,17,27,19,35,1,1,0,1,0.0262441513893252,0,1,0
2022-01-19,15,34,19,35,2,1,0,0,0.0242832741416942,0,0,1
2022-01-20,11,24,19,35,3,1,0,0,6.005373320758928e-05,0,1,0
2022-01-21,14,22,19,35,4,1,0,1,0.0259441035395725,0,0,1
2022-01-22,10,35,19,35,5,1,1,0,0.0144900960915621,0,0,1
2022-01-23,19,20,19,35,6,1,1,0,0.0147518280370713,1,0,0
2022-01-24,15,34,19,35,0,1,0,0,0.024048656929636,1,0,0
2022-01-25,18,27,19,35,1,1,0,0,0.0352293592448379,0,0,1
2022-01-26,10,21,19,35,2,1,0,0,0.0179956537330563,0,1,0
2022-01-27,19,22,19,35,3,1,0,0,0.0317905021553926,1,0,0
2022-01-28,12,33,19,35,4,1,0,0,0.0055907723211815,1,0,0
2022-01-29,16,33,19,35,5,1,1,0,0.0213074334591213,0,0,1
2022-01-30,13,30,19,35,6,1,1,0,0.0145894459407192,0,1,0
2022-01-31,18,35,19,35,0,1,0,0,0.0228200698675606,1,0,0
2022-02-01,12,23,19,35,1,2,0,0,0.0170369259721489,1,0,0
2022-02-02,14,35,19,35,2,2,0,0,0.0065893858103619,0,1,0
2022-02-03,12,24,19,35,3,2,0,0,0.0111259063719885,1,0,0
2022-02-04,16,33,19,35,4,2,0,1,0.0035679892014341,0,1,0
2022-02-05,14,35,19,35,5,2,1,0,0.0069309877105128,0,0,1
2022-02-06,18,35,19,35,6,2,1,0,0.0248032437487504,1,0,0
2022-02-07,16,26,19,35,0,2,0,0,0.0174896287014277,0,0,1
2022-02-08,11,29,19,35,1,2,0,0,0.0223086441012808,0,1,0
2022-02-09,13,26,19,35,2,2,0,0,0.0381557748159507,0,0,1
2022-02-10,18,20,19,35,3,2,0,0,0.0170402820678773,0,0,1
2022-02-11,11,35,19,35,4,2,0,0,0.0263428393318223,0,0,1
2022-02-12,19,35,19,35,5,2,1,0,0.0202813551220125,0,1,0
2022-02-13,18,35,19,35,6,2,1,1,0.047626845327315,0,1,0
2022-02-14,19,23,19,35,0,2,0,0,0.0,0,1,0
2022-02-15,14,35,19,35,1,2,0,0,0.0128233772402787,0,1,0
2022-02-16,11,21,19,35,2,2,0,0,0.0265402397423148,0,1,0
2022-02-17,13,20,19,35,3,2,0,0,0.0124709460457206,1,0,0
2022-02-18,16,34,19,35,4,2,0,0,0.0256607155730998,1,0,0
2022-02-19,17,24,19,35,5,2,1,1,0.0193992080710331,1,0,0
2022-02-20,12,35,19,35,6,2,1,0,0.0286494883801163,0,0,1
2022-02-21,10,30,19,35,0,2,0,0,0.0086787716957234,0,0,1
2022-02-22,13,29,19,35,1,2,0,0,0.0217284231061635,0,1,0
2022-02-23,11,21,19,35,2,2,0,1,0.0246601823001338,0,1,0
2022-02-24,17,22,19,35,3,2,0,0,0.0213178915821133,1,0,0
2022-02-25,13,31,19,35,4,2,0,0,0.0214941248492088,0,1,0
2022-02-26,11,35,19,35,5,2,1,0,0.0320243090577956,0,0,1
2022-02-27,15,24,19,35,6,2,1,0,0.003200942534951,0,1,0
2022-02-28,15,24,19,35,0,2,0,0,0.0212496719079168,1,0,0
2022-03-01,19,25,19,35,1,3,0,0,0.0079085186712072,0,1,0
2022-03-02,13,28,19,35,2,3,0,0,0.0275761093692631,0,0,1
2022-03-03,15,21,19,35,3,3,0,0,0.0116206641763028,1,0,0
2022-03-04,11,31,19,35,4,3,0,1,0.0,0,1,0
2022-03-05,19,22,19,35,5,3,1,0,0.0278146741424745,0,0,1
2022-03-06,11,35,19,35,6,3,1,0,0.0173162870604103,1,0,0
2022-03-07,19,31,19,35,0,3,0,0,0.023566296161016,1,0,0
2022-03-08,13,35,19,35,1,3,0,0,0.0342700890269906,0,0,1
2022-03-09,17,29,19,35,2,3,0,0,0.0237140108593223,0,1,0
2022-03-10,16,33,19,35,3,3,0,0,0.0216942808390894,0,1,0
2022-03-11,18,35,19,35,4,3,0,0,0.0195272962077056,0,1,0
2022-03-12,17,35,19,35,5,3,1,0,0.0085269351625098,1,0,0
2022-03-13,14,35,19,35,6,3,1,0,0.017847521419046,1,0,0
2022-03-14,11,35,19,35,0,3,0,0,0.0397389857844258,0,1,0
2022-03-15,14,33,19,35,1,3,0,0,0.016247807698661,1,0,0
2022-03-16,17,28,19,35,2,3,0,0,0.0184398634057674,1,0,0
2022-03-17,19,27,19,35,3,3,0,0,0.0325708489210534,0,0,1
2022-03-18,18,21,19,35,4,3,0,0,0.0045871133909804,0,1,0
2022-03-19,18,32,19,35,5,3,1,0,0.0262012405095693,0,1,0
2022-03-20,10,26,19,35,6,3,1,0,0.0041112008019495,0,1,0
2022-03-21,18,28,19,35,0,3,0,1,0.0239918871688145,1,0,0
2022-03-22,16,30,19,35,1,3,0,0,0.0197759055160179,1,0,0
2022-03-23,18,33,19,35,2,3,0,0,0.0261240016079801,1,0,0
2022-03-24,17,23,19,35,3,3,0,0,0.009875256298456,0,1,0
2022-03-25,10,32,19,35,4,3,0,0,0.0146496691530843,1,0,0
2022-03-26,17,21,19,35,5,3,1,0,0.0266405295330558,0,1,0
2022-03-27,17,24,19,35,6,3,1,0,0.0149016748349819,1,0,0
2022-03-28,12,30,19,35,0,3,0,0,0.027555152605285,0,1,0
2022-03-29,10,25,19,35,1,3,0,0,0.0220916981068875,0,0,1
2022-03-30,17,35,19,35,2,3,0,0,0.0155424824206983,1,0,0
2022-03-31,12,29,19,35,3,3,0,0,0.0168464582196932,0,1,0
2022-04-01,12,23,19,35,4,4,0,0,0.0200350483166861,0,0,1
2022-04-02,10,28,19,35,5,4,1,0,0.0177981788595859,0,0,1
2022-04-03,14,25,19,35,6,4,1,0,0.0273024975373294,1,0,0
2022-04-04,19,21,19,35,0,4,0,0,0.0162872067047591,0,1,0
2022-04-05,16,35,19,35,1,4,0,0,0.0142696907378777,1,0,0
2022-04-06,19,24,19,35,2,4,0,0,0.0291025168153286,0,0,1
2022-04-07,18,25,19,35,3,4,0,0,0.015778708359272,1,0,0
2022-04-08,16,31,19,35,4,4,0,0,0.0145962837973499,0,1,0
2022-04-09,18,29,19,35,5,4,1,0,0.0,0,0,1
2022-04-10,17,25,19,35,6,4,1,0,0.0096049663139607,1,0,0
2022-04-11,11,27,19,35,0,4,0,0,0.0116137252133678,1,0,0
2022-04-12,10,21,19,35,1,4,0,0,0.0145986940749202,1,0,0
2022-04-13,16,31,19,35,2,4,0,1,0.0127786078337113,1,0,0
2022-04-14,16,32,19,35,3,4,0,0,0.0298305014867895,1,0,0
2022-04-15,17,26,19,35,4,4,0,1,0.0122485235554891,0,0,1
2022-04-16,14,29,19,35,5,4,1,0,0.0129937362976142,0,0,1
2022-04-17,12,32,19,35,6,4,1,0,0.0215565419709973,0,1,0
2022-04-18,17,35,19,35,0,4,0,0,0.0089831812007131,1,0,0
2022-04-19,15,33,19,35,1,4,0,0,0.0356399215484677,0,1,0
2022-04-20,12,21,19,35,2,4,0,0,0.0280215679116281,0,0,1
2022-04-21,10,30,19,35,3,4,0,0,0.0083191304789215,1,0,0
2022-04-22,12,20,19,35,4,4,0,0,0.0301366708586683,0,1,0
2022-04-23,14,35,19,35,5,4,1,0,0.0322170813951995,1,0,0
2022-04-24,12,23,19,35,6,4,1,0,0.0085788526308138,1,0,0
2022-04-25,10,35,19,35,0,4,0,0,0.0083483338424117,0,1,0
2022-04-26,14,30,19,35,1,4,0,0,0.0138958685410186,0,0,1
2022-04-27,19,27,19,35,2,4,0,0,0.0058479488025509,0,1,0
2022-04-28,16,30,19,35,3,4,0,0,0.0121971146557722,0,1,0
2022-04-29,16,23,19,35,4,4,0,0,0.0159987541528125,0,1,0
2022-04-30,18,35,19,35,5,4,1,1,0.0250415236137648,1,0,0
2022-05-01,19,26,19,35,6,5,1,0,0.0208122550315025,0,0,1
2022-05-02,19,27,19,35,0,5,0,0,0.018519784934653,0,0,1
2022-05-03,12,22,19,35,1,5,0,0,0.0151682670507508,1,0,0
2022-05-04,16,21,19,35,2,5,0,0,0.0069204425003662,0,0,1
2022-05-05,10,34,19,35,3,5,0,0,0.0259171772678198,0,1,0
2022-05-06,13,24,19,35,4,5,0,0,0.0256937415682371,0,0,1
2022-05-07,13,20,19,35,5,5,1,0,0.0138315140900828,1,0,0
2022-05-08,14,23,19,35,6,5,1,0,0.0089884485887557,0,0,1
2022-05-09,16,34,19,35,0,5,0,0,0.0355610443752708,1,0,0
2022-05-10,16,35,19,35,1,5,0,0,0.0224673045108693,0,1,0
2022-05-11,13,35,19,35,2,5,0,0,0.0239696829132504,1,0,0
2022-05-12,16,22,19,35,3,5,0,0,0.0244014786069975,0,0,1
2022-05-13,12,35,19,35,4,5,0,0,0.007975163014187,0,1,0
2022-05-14,15,30,19,35,5,5,1,0,0.0349927658401686,0,0,1
2022-05-15,11,35,19,35,6,5,1,0,0.0159650206705576,1,0,0
2022-05-16,19,32,19,35,0,5,0,1,0.0282204200392894,0,1,0
2022-05-17,18,30,19,35,1,5,0,0,0.0345843270342677,1,0,0
2022-05-18,14,21,19,35,2,5,0,1,0.020813760320182,0,0,1
2022-05-19,15,28,19,35,3,5,0,0,0.0081852159126488,1,0,0
2022-05-20,13,21,19,35,4,5,0,0,0.0,0,0,1
2022-05-21,19,28,19,35,5,5,1,1,0.0196158419069806,0,0,1
2022-05-22,16,28,19,35,6,5,1,0,0.0225014444773255,0,1,0
2022-05-23,18,27,19,35,0,5,0,0,0.0141922486631438,0,1,0
2022-05-24,16,35,19,35,1,5,0,0,0.0213568545345691,1,0,0
2022-05-25,10,20,19,35,2,5,0,1,0.0243034483817105,0,0,1
2022-05-26,10,30,19,35,3,5,0,0,0.0299392779079463,0,0,1
2022-05-27,18,27,19,35,4,5,0,0,0.0177143460887379,0,1,0
2022-05-28,18,29,19,35,5,5,1,0,0.0195465832653993,0,1,0
2022-05-29,13,26,19,35,6,5,1,1,0.0182139967056644,0,1,0
2022-05-30,18,22,19,35,0,5,0,0,0.0203359463332684,0,1,0
2022-05-31,12,22,19,35,1,5,0,0,0.0148681561907613,1,0,0
2022-06-01,16,35,19,35,2,6,0,0,0.0148203461550551,1,0,0
2022-06-02,15,24,19,35,3,6,0,0,0.0154497716072769,1,0,0
2022-06-03,17,31,19,35,4,6,0,0,0.0215626624161949,1,0,0
2022-06-04,18,31,19,35,5,6,1,0,0.0115268597214886,0,1,0
2022-06-05,14,35,19,35,6,6,1,0,0.0154900606687359,1,0,0
2022-06-06,10,25,19,35,0,6,0,0,0.038085899671214,1,0,0
2022-06-07,12,21,19,35,1,6,0,0,0.0289639934050438,1,0,0
2022-06-08,19,31,19,35,2,6,0,0,0.0104291892273338,0,1,0
2022-06-09,17,35,19,35,3,6,0,0,0.0286467293059356,0,0,1
2022-06-10,15,24,19,35,4,6,0,0,0.0262739207408368,0,1,0
2022-06-11,17,31,19,35,5,6,1,0,0.0189608048852116,0,0,1
2022-06-12,18,35,19,35,6,6,1,1,0.0129202705299359,0,0,1
2022-06-13,13,35,19,35,0,6,0,0,0.0117848588751476,1,0,0
2022-06-14,10,29,19,35,1,6,0,0,0.0222384017278323,1,0,0
2022-06-15,10,35,19,35,2,6,0,0,0.0115376633780349,1,0,0
2022-06-16,19,34,19,35,3,6,0,0,0.0309722132967182,0,1,0
2022-06-17,13,31,19,35,4,6,0,1,0.0338080658845501,0,1,0
2022-06-18,16,35,19,35,5,6,1,1,0.019571955024319,1,0,0
2022-06-19,11,35,19,35,6,6,1,0,0.0313878081192212,0,1,0
2022-06-20,12,27,19,35,0,6,0,0,0.0158845105169725,0,1,0
2022-06-21,10,35,19,35,1,6,0,0,0.0128564821671588,0,0,1
2022-06-22,14,24,19,35,2,6,0,0,0.0310027518014524,0,1,0
2022-06-23,10,35,19,35,3,6,0,0,0.035798669556055,0,0,1
2022-06-24,17,25,19,35,4,6,0,0,0.0396315798699221,1,0,0
2022-06-25,10,27,19,35,5,6,1,0,0.023326550714771,0,1,0
2022-06-26,10,35,19,35,6,6,1,0,0.0286211039518962,0,0,1
2022-06-27,11,31,19,35,0,6,0,0,0.0231061722846614,0,1,0
2022-06-28,11,34,19,35,1,6,0,0,0.0340337865669859,0,0,1
2022-06-29,15,28,19,35,2,6,0,0,0.0243328413343925,0,0,1
2022-06-30,16,32,19,35,3,6,0,0,0.0280508378866203,0,1,0
2022-07-01,14,34,19,35,4,7,0,0,0.0086458154479713,1,0,0
2022-07-02,10,29,19,35,5,7,1,0,0.0176883722463232,0,0,1
2022-07-03,10,35,19,35,6,7,1,0,0.0281363614864223,1,0,0
2022-07-04,12,26,19,35,0,7,0,0,0.0272397274406936,0,1,0
2022-07-05,11,35,19,35,1,7,0,0,0.028989032098691,0,1,0
2022-07-06,14,26,19,35,2,7,0,1,0.0212065464719088,1,0,0
2022-07-07,19,33,19,35,3,7,0,0,0.0134797799686472,0,1,0
2022-07-08,15,34,19,35,4,7,0,0,0.0194105346648104,0,0,1
2022-07-09,16,26,19,35,5,7,1,0,0.020470343640085,1,0,0
2022-07-10,13,28,19,35,6,7,1,1,0.0224174080853257,0,1,0
2022-07-11,16,35,19,35,0,7,0,0,0.0103213457311491,0,1,0
2022-07-12,17,35,19,35,1,7,0,0,0.017341334143127,1,0,0
2022-07-13,10,27,19,35,2,7,0,0,0.0191133239050587,0,0,1
2022-07-14,15,35,19,35,3,7,0,0,0.0,1,0,0
2022-07-15,17,35,19,35,4,7,0,0,0.0283250478137376,0,1,0
2022-07-16,14,35,19,35,5,7,1,0,0.0216401595664061,0,1,0
2022-07-17,13,26,19,35,6,7,1,0,0.0226531887044821,1,0,0
2022-07-18,11,22,19,35,0,7,0,0,0.0148450368897171,0,0,1
2022-07-19,15,35,19,35,1,7,0,0,0.0258625037553025,0,0,1
2022-07-20,15,29,19,35,2,7,0,0,0.0116807417606656,0,0,1
2022-07-21,10,26,19,35,3,7,0,0,0.0132518575576886,1,0,0
2022-07-22,18,35,19,35,4,7,0,0,0.0262833004574179,0,0,1
2022-07-23,15,33,19,35,5,7,1,0,0.0235716173614405,0,0,1
2022-07-24,12,22,19,35,6,7,1,0,0.007223997348317,0,0,1
2022-07-25,13,31,19,35,0,7,0,0,0.0357737087008803,0,0,1
2022-07-26,13,32,19,35,1,7,0,0,0.0124150234642685,0,1,0
2022-07-27,12,21,19,35,2,7,0,0,0.0186740644537866,1,0,0
2022-07-28,19,22,19,35,3,7,0,0,0.0374678738660195,1,0,0
2022-07-29,12,24,19,35,4,7,0,0,0.0,0,0,1
2022-07-30,12,30,19,35,5,7,1,0,0.0029373918003036,1,0,0
2022-07-31,13,27,19,35,6,7,1,0,0.0244193368708851,1,0,0
2022-08-01,16,31,19,35,0,8,0,0,0.0,0,1,0
2022-08-02,13,26,19,35,1,8,0,0,0.0,1,0,0
2022-08-03,18,34,19,35,2,8,0,0,0.0317515782629414,0,1,0
2022-08-04,10,35,19,35,3,8,0,0,0.0159112663159591,1,0,0
2022-08-05,17,23,19,35,4,8,0,1,0.0419608955929681,0,1,0
2022-08-06,16,32,19,35,5,8,1,0,0.0096523022194643,0,1,0
2022-08-07,11,35,19,35,6,8,1,1,0.0168151820112951,1,0,0
2022-08-08,17,20,19,35,0,8,0,0,0.0254063072617858,0,1,0
2022-08-09,10,35,19,35,1,8,0,0,0.0247152848417523,0,1,0
2022-08-10,18,32,19,35,2,8,0,0,0.0174510038451115,1,0,0
2022-08-11,18,29,19,35,3,8,0,0,0.0135153998905758,0,1,0
2022-08-12,11,31,19,35,4,8,0,0,0.0223136232434129,0,1,0
2022-08-13,16,21,19,35,5,8,1,0,0.0337688588617585,0,1,0
2022-08-14,19,22,19,35,6,8,1,0,0.0276280868957329,0,1,0
2022-08-15,12,29,19,35,0,8,0,0,0.0136753158368986,0,1,0
2022-08-16,16,21,19,35,1,8,0,0,0.0100822735392066,0,0,1
2022-08-17,19,32,19,35,2,8,0,0,0.0130721101229004,0,1,0
2022-08-18,18,32,19,35,3,8,0,0,0.0072625711463418,0,1,0
2022-08-19,13,35,19,35,4,8,0,0,0.0214740948232724,0,1,0
2022-08-20,10,22,19,35,5,8,1,1,0.0281378617873428,0,1,0
2022-08-21,11,26,19,35,6,8,1,0,0.0192866000149959,1,0,0
2022-08-22,10,33,19,35,0,8,0,0,0.0371976679292951,0,0,1
2022-08-23,14,35,19,35,1,8,0,0,0.0377541457515469,1,0,0
2022-08-24,14,35,19,35,2,8,0,0,0.0230773526882842,0,0,1
2022-08-25,16,31,19,35,3,8,0,0,0.0270193774047668,0,1,0
2022-08-26,18,35,19,35,4,8,0,0,0.0109954202203055,0,1,0
2022-08-27,18,31,19,35,5,8,1,0,0.0163919350616082,0,0,1
2022-08-28,12,34,19,35,6,8,1,0,0.0327227037776654,0,0,1
2022-08-29,12,29,19,35,0,8,0,0,0.0142072738271155,1,0,0
2022-08-30,12,26,19,35,1,8,0,0,0.0348737980701645,0,0,1
2022-08-31,13,35,19,35,2,8,0,0,0.0311256410207483,0,1,0
2022-09-01,17,24,19,35,3,9,0,0,0.0275162396104635,1,0,0
2022-09-02,15,20,19,35,4,9,0,0,0.0082730511034036,0,0,1
2022-09-03,17,35,19,35,5,9,1,1,0.0168801351592967,0,0,1
2022-09-04,10,22,19,35,6,9,1,0,0.0264420883884412,1,0,0
2022-09-05,17,32,19,35,0,9,0,0,0.0101425192549796,0,0,1
2022-09-06,13,33,19,35,1,9,0,0,0.018099227527834,0,1,0
2022-09-07,10,35,19,35,2,9,0,1,0.0275213094912763,1,0,0
2022-09-08,17,23,19,35,3,9,0,0,0.014318277720777,0,0,1
2022-09-09,13,35,19,35,4,9,0,0,0.0115354550873135,0,1,0
2022-09-10,15,24,19,35,5,9,1,0,0.0019922554121182,0,0,1
2022-09-11,17,35,19,35,6,9,1,0,0.0161336580228569,1,0,0
2022-09-12,13,20,19,35,0,9,0,0,0.0277318151281013,0,0,1
2022-09-13,12,33,19,35,1,9,0,0,0.011270963246735,0,0,1
2022-09-14,18,34,19,35,2,9,0,0,0.020178721064677,0,0,1
2022-09-15,12,28,19,35,3,9,0,0,0.0177579072820593,0,1,0
2022-09-16,18,34,19,35,4,9,0,0,0.0133337644403195,0,1,0
2022-09-17,11,35,19,35,5,9,1,0,0.0283770559937588,0,0,1
2022-09-18,11,23,19,35,6,9,1,0,0.0364227228116589,0,0,1
2022-09-19,11,31,19,35,0,9,0,0,0.030043379436417,1,0,0
2022-09-20,15,24,19,35,1,9,0,0,0.0130406359754928,0,0,1
2022-09-21,12,24,19,35,2,9,0,0,0.0399236566384594,1,0,0
2022-09-22,18,30,19,35,3,9,0,0,0.0300140291023006,0,1,0
2022-09-23,13,25,19,35,4,9,0,0,0.015426429310357,0,0,1
2022-09-24,10,26,19,35,5,9,1,0,0.0122467361788808,1,0,0
2022-09-25,13,33,19,35,6,9,1,0,0.0312103926384492,0,1,0
2022-09-26,10,30,19,35,0,9,0,0,0.0217376920195727,1,0,0
2022-09-27,14,32,19,35,1,9,0,1,0.0114923515131227,0,1,0
2022-09-28,13,21,19,35,2,9,0,0,0.0185189102052811,0,0,1
2022-09-29,17,26,19,35,3,9,0,0,0.0159280318211863,1,0,0
2022-09-30,17,35,19,35,4,9,0,0,0.0117594088131196,0,0,1
2022-10-01,16,23,19,35,5,10,1,0,0.0301458625326146,1,0,0
2022-10-02,12,27,19,35,6,10,1,0,0.0278172418831431,0,1,0
2022-10-03,10,35,19,35,0,10,0,0,0.0283854147755926,1,0,0
2022-10-04,10,35,19,35,1,10,0,1,0.0282467039331951,1,0,0
2022-10-05,12,32,19,35,2,10,0,1,0.010839662552924,0,0,1
2022-10-06,15,33,19,35,3,10,0,0,0.01396312728203,0,0,1
2022-10-07,16,29,19,35,4,10,0,0,0.0345865752293766,0,0,1
2022-10-08,15,30,19,35,5,10,1,0,0.0210801212243899,0,1,0
2022-10-09,15,21,19,35,6,10,1,0,0.0052952930629569,0,0,1
2022-10-10,15,28,19,35,0,10,0,1,0.0221694432759574,1,0,0
2022-10-11,12,35,19,35,1,10,0,0,0.0265479126166813,0,1,0
2022-10-12,15,22,19,35,2,10,0,0,0.025240414373702,0,0,1
2022-10-13,17,25,19,35,3,10,0,0,0.0106213039683836,1,0,0
2022-10-14,11,24,19,35,4,10,0,0,0.0388672155925755,1,0,0
2022-10-15,14,24,19,35,5,10,1,1,0.0049940541289124,0,1,0
2022-10-16,10,34,19,35,6,10,1,0,0.0211089643016341,1,0,0
2022-10-17,10,35,19,35,0,10,0,0,0.0373655285276608,0,0,1
2022-10-18,14,28,19,35,1,10,0,0,0.0259165708393544,1,0,0
2022-10-19,12,22,19,35,2,10,0,0,0.0283621956905135,0,0,1
2022-10-20,13,35,19,35,3,10,0,0,0.0094683585082986,0,0,1
2022-10-21,12,35,19,35,4,10,0,0,0.0234704645759687,0,1,0
2022-10-22,10,29,19,35,5,10,1,0,0.0196339733730505,1,0,0
2022-10-23,10,22,19,35,6,10,1,0,0.0086995583083563,0,1,0
2022-10-24,14,35,19,35,0,10,0,0,0.0286507148947496,0,1,0
2022-10-25,15,35,19,35,1,10,0,0,0.0118051326134933,0,1,0
2022-10-26,12,35,19,35,2,10,0,0,0.0129907536783147,0,0,1
2022-10-27,18,22,19,35,3,10,0,0,0.0243257932208484,0,0,1
2022-10-28,14,22,19,35,4,10,0,0,0.0185675455435498,0,0,1
2022-10-29,17,25,19,35,5,10,1,0,0.0216928802365601,0,0,1
2022-10-30,10,32,19,35,6,10,1,0,0.0179550034123016,1,0,0
2022-10-31,14,34,19,35,0,10,0,0,0.0341306084350404,1,0,0
2022-11-01,12,28,19,35,1,11,0,0,0.0107496935276138,0,0,1
2022-11-02,10,23,19,35,2,11,0,0,0.0153519121979398,0,0,1
2022-11-03,13,33,19,35,3,11,0,0,0.0248117155757922,1,0,0
2022-11-04,14,24,19,35,4,11,0,0,0.0101208216635898,0,1,0
2022-11-05,16,21,19,35,5,11,1,1,0.0096777661760412,0,1,0
2022-11-06,10,30,19,35,6,11,1,1,0.0213774389400313,0,0,1
2022-11-07,12,28,19,35,0,11,0,0,0.0286735337891887,0,1,0
2022-11-08,11,22,19,35,1,11,0,0,0.0299787781579425,0,0,1
2022-11-09,18,28,19,35,2,11,0,0,0.0209173987598728,0,0,1
2022-11-10,19,22,19,35,3,11,0,0,0.0132786734150267,0,0,1
2022-11-11,15,21,19,35,4,11,0,0,0.0227566319763425,1,0,0
2022-11-12,19,31,19,35,5,11,1,0,0.0256613830871237,0,1,0
2022-11-13,12,29,19,35,6,11,1,0,0.0226186065929027,1,0,0
2022-11-14,17,28,19,35,0,11,0,0,0.0323416985879137,0,1,0
2022-11-15,17,34,19,35,1,11,0,0,0.0098583873474503,1,0,0
2022-11-16,11,27,19,35,2,11,0,0,0.0130302398235643,1,0,0
2022-11-17,15,24,19,35,3,11,0,1,0.0309534919439872,0,0,1
2022-11-18,16,30,19,35,4,11,0,0,0.0052698016948473,0,0,1
2022-11-19,11,21,19,35,5,11,1,0,0.0146061427291849,1,0,0
2022-11-20,19,34,19,35,6,11,1,0,0.0126845970527363,0,1,0
2022-11-21,11,25,19,35,0,11,0,0,0.0043579509865303,0,1,0
2022-11-22,19,27,19,35,1,11,0,0,0.0181285119535908,0,0,1
2022-11-23,10,24,19,35,2,11,0,0,0.0274629385988845,0,0,1
2022-11-24,17,35,19,35,3,11,0,0,0.021563279155211,0,1,0
2022-11-25,10,35,19,35,4,11,0,0,0.0279960378530207,0,1,0
2022-11-26,18,25,19,35,5,11,1,0,0.0319195596764297,0,1,0
2022-11-27,15,24,19,35,6,11,1,1,0.0161436823905448,0,0,1
2022-11-28,16,35,19,35,0,11,0,0,0.0464684602298873,0,1,0
2022-11-29,19,32,19,35,1,11,0,1,0.0165458457593616,0,0,1
2022-11-30,16,24,19,35,2,11,0,1,0.017874689741563,1,0,0
2022-12-01,19,32,19,35,3,12,0,0,0.0129237946313122,1,0,0
2022-12-02,12,35,19,35,4,12,0,0,0.0254538948092467,1,0,0
2022-12-03,11,35,19,35,5,12,1,0,0.0170949658102302,0,1,0
2022-12-04,18,27,19,35,6,12,1,1,0.01921107778085,0,0,1
2022-12-05,17,32,19,35,0,12,0,0,0.0179478699377403,0,1,0
2022-12-06,19,35,19,35,1,12,0,0,0.0177209545277312,0,0,1
2022-12-07,16,22,19,35,2,12,0,0,0.0215828602939857,0,1,0
2022-12-08,18,27,19,35,3,12,0,0,0.0154977644696336,1,0,0
2022-12-09,13,21,19,35,4,12,0,0,0.015967044180829,0,0,1
2022-12-10,13,27,19,35,5,12,1,0,0.0307285149062099,0,1,0
2022-12-11,10,32,19,35,6,12,1,0,0.0170647753611858,0,0,1
2022-12-12,17,32,19,35,0,12,0,0,0.0238355240370712,0,0,1
2022-12-13,12,20,19,35,1,12,0,0,0.0111050825951155,0,1,0
2022-12-14,16,25,19,35,2,12,0,0,0.0155530997284712,0,1,0
2022-12-15,11,35,19,35,3,12,0,0,0.0076743943750931,0,0,1
2022-12-16,11,35,19,35,4,12,0,0,0.0385443343336182,0,0,1
2022-12-17,16,27,19,35,5,12,1,0,0.0337545967766805,1,0,0
2022-12-18,15,20,19,35,6,12,1,1,0.0259545899327868,0,0,1
2022-12-19,12,35,19,35,0,12,0,0,0.0415110272028982,1,0,0
2022-12-20,18,28,19,35,1,12,0,0,0.0277028605138312,1,0,0
2022-12-21,19,32,19,35,2,12,0,0,0.0182802425635117,1,0,0
2022-12-22,15,30,19,35,3,12,0,0,0.0237251966709167,0,0,1
2022-12-23,19,32,19,35,4,12,0,0,0.0336078635547914,1,0,0
2022-12-24,19,29,19,35,5,12,1,0,0.0111968382499203,0,0,1
2022-12-25,15,23,19,35,6,12,1,0,0.0082718221273343,0,0,1
2022-12-26,10,25,19,35,0,12,0,0,0.0240607916662993,0,1,0
2022-12-27,13,26,19,35,1,12,0,0,0.0141315026645126,0,0,1
2022-12-28,19,24,19,35,2,12,0,0,0.0,0,0,1
2022-12-29,15,30,19,35,3,12,0,0,0.0075706665308943,1,0,0
2022-12-30,15,32,19,35,4,12,0,0,0.0168857565064645,0,0,1
2022-12-31,14,35,19,35,5,12,1,0,0.020481887547479,0,0,1
2023-01-01,10,29,19,35,6,1,1,0,0.0207796909938329,0,1,0
2023-01-02,17,29,19,35,0,1,0,0,0.0400519634023544,0,1,0
2023-01-03,14,30,19,35,1,1,0,0,0.017923747432989,1,0,0
2023-01-04,14,26,19,35,2,1,0,0,0.022781254895361,1,0,0
2023-01-05,16,35,19,35,3,1,0,0,0.003741079726255,0,1,0
2023-01-06,13,23,19,35,4,1,0,0,0.0196886446168472,0,1,0
2023-01-07,15,21,19,35,5,1,1,0,0.0233419894317176,0,0,1
2023-01-08,13,33,19,35,6,1,1,0,0.0062474051901881,1,0,0
2023-01-09,12,32,19,35,0,1,0,0,0.0106600804036304,1,0,0
2023-01-10,16,31,19,35,1,1,0,0,0.0248916863383687,0,0,1
2023-01-11,17,26,19,35,2,1,0,0,0.0145367373568808,0,0,1
2023-01-12,13,21,19,35,3,1,0,0,0.0189745822849002,1,0,0
2023-01-13,11,32,19,35,4,1,0,0,0.0254077751895897,0,1,0
2023-01-14,19,33,19,35,5,1,1,0,0.0403687217179581,0,1,0
2023-01-15,12,35,19,35,6,1,1,1,0.017782147989216,0,0,1
2023-01-16,10,28,19,35,0,1,0,0,0.0376919807887744,1,0,0
2023-01-17,17,35,19,35,1,1,0,0,0.000412263387044,0,0,1
2023-01-18,12,27,19,35,2,1,0,0,0.0214836285868198,0,1,0
2023-01-19,19,21,19,35,3,1,0,0,0.0166591079290476,0,1,0
2023-01-20,16,32,19,35,4,1,0,0,0.014675410159316,0,0,1
2023-01-21,19,22,19,35,5,1,1,1,0.0265806757555685,0,1,0
2023-01-22,14,35,19,35,6,1,1,0,0.0178537933461478,1,0,0
2023-01-23,19,25,19,35,0,1,0,0,0.0,0,0,1
2023-01-24,14,35,19,35,1,1,0,0,0.0041163075174941,0,0,1
2023-01-25,16,26,19,35,2,1,0,0,0.0272202695835644,0,0,1
2023-01-26,18,29,19,35,3,1,0,0,0.0036277209307593,0,1,0
2023-01-27,14,28,19,35,4,1,0,0,0.0274882118118077,1,0,0
2023-01-28,10,21,19,35,5,1,1,0,0.0212477348791115,0,0,1
2023-01-29,19,34,19,35,6,1,1,0,0.0182971546817419,0,0,1
2023-01-30,19,24,19,35,0,1,0,0,0.0191852582680172,0,1,0
2023-01-31,10,23,19,35,1,1,0,1,0.0251475802018008,1,0,0
2023-02-01,11,35,19,35,2,2,0,0,0.0082251402639355,0,0,1
2023-02-02,15,23,19,35,3,2,0,0,0.0204229109399772,0,1,0
2023-02-03,18,35,19,35,4,2,0,0,0.0086049720591873,0,0,1
2023-02-04,17,23,19,35,5,2,1,0,0.0216364477600286,0,1,0
2023-02-05,14,35,19,35,6,2,1,1,0.0264647678619835,1,0,0
2023-02-06,10,31,19,35,0,2,0,0,0.0216594586281231,0,1,0
2023-02-07,16,35,19,35,1,2,0,0,0.0260860216393058,0,0,1
2023-02-08,14,29,19,35,2,2,0,0,0.0129998516490671,0,0,1
2023-02-09,15,20,19,35,3,2,0,0,0.0193781994567942,0,1,0
2023-02-10,16,35,19,35,4,2,0,0,0.017620241868751,1,0,0
2023-02-11,12,35,19,35,5,2,1,0,0.01696560612863,1,0,0
2023-02-12,19,33,19,35,6,2,1,0,0.0119935883554811,0,0,1
2023-02-13,12,34,19,35,0,2,0,0,0.0156817745057505,0,0,1
2023-02-14,14,31,19,35,1,2,0,0,0.0088729540499349,0,1,0
2023-02-15,15,23,19,35,2,2,0,0,0.0030584533817541,0,1,0
2023-02-16,18,22,19,35,3,2,0,0,0.0129928333945924,0,1,0
2023-02-17,14,35,19,35,4,2,0,0,0.0262595964878116,1,0,0
2023-02-18,10,31,19,35,5,2,1,0,0.0223406599105568,1,0,0
2023-02-19,13,26,19,35,6,2,1,0,0.0074339679575274,0,0,1
2023-02-20,14,30,19,35,0,2,0,0,0.0159398864661961,0,0,1
2023-02-21,19,20,19,35,1,2,0,0,0.0269246434136432,0,0,1
2023-02-22,19,25,19,35,2,2,0,1,0.0155150863021289,0,1,0
2023-02-23,14,34,19,35,3,2,0,0,0.0058223380687109,1,0,0
2023-02-24,16,34,19,35,4,2,0,0,0.0425762854641434,0,0,1
2023-02-25,13,35,19,35,5,2,1,0,0.0183304116934704,0,0,1
2023-02-26,10,30,19,35,6,2,1,1,0.0083642110000098,0,0,1
2023-02-27,14,21,19,35,0,2,0,0,0.0217126352582019,0,0,1
2023-02-28,16,33,19,35,1,2,0,0,0.0191439666768726,0,0,1
2023-03-01,19,21,19,35,2,3,0,0,0.0045852189508563,0,0,1
2023-03-02,19,23,19,35,3,3,0,0,0.0209336886080316,1,0,0
2023-03-03,15,35,19,35,4,3,0,0,0.0298373551139564,0,0,1
2023-03-04,14,22,19,35,5,3,1,0,0.0176708979250975,1,0,0
2023-03-05,13,32,19,35,6,3,1,0,0.0,0,1,0
2023-03-06,11,28,19,35,0,3,0,0,0.023419216105893,1,0,0
2023-03-07,13,26,19,35,1,3,0,0,0.0260290004524815,0,1,0
2023-03-08,19,34,19,35,2,3,0,0,0.0141358792317208,1,0,0
2023-03-09,19,30,19,35,3,3,0,0,0.0142093839866077,1,0,0
2023-03-10,12,35,19,35,4,3,0,0,0.0425785630025764,0,0,1
2023-03-11,19,21,19,35,5,3,1,0,0.0134178570115789,1,0,0
2023-03-12,10,34,19,35,6,3,1,1,0.0087811903366574,1,0,0
2023-03-13,17,33,19,35,0,3,0,0,0.0202511408402601,0,0,1
2023-03-14,14,35,19,35,1,3,0,0,0.0257484232577039,0,1,0
2023-03-15,13,30,19,35,2,3,0,0,0.0253243372871031,0,0,1
2023-03-16,17,22,19,35,3,3,0,0,0.0,0,0,1
2023-03-17,16,35,19,35,4,3,0,0,0.0133926849411102,0,0,1
2023-03-18,11,31,19,35,5,3,1,0,0.0315288804512874,0,1,0
2023-03-19,10,34,19,35,6,3,1,0,0.023266894653417,1,0,0
2023-03-20,13,35,19,35,0,3,0,0,0.0076420858849357,1,0,0
2023-03-21,17,24,19,35,1,3,0,0,0.032424093078962,0,0,1
2023-03-22,11,35,19,35,2,3,0,0,0.0296489771910617,0,0,1
2023-03-23,12,25,19,35,3,3,0,0,0.0170339839197712,1,0,0
2023-03-24,10,35,19,35,4,3,0,0,0.0287946718681113,1,0,0
2023-03-25,10,24,19,35,5,3,1,0,0.0399975583195802,1,0,0
2023-03-26,12,22,19,35,6,3,1,0,0.0094561980475458,0,1,0
2023-03-27,14,20,19,35,0,3,0,0,0.0255544618220292,0,1,0
2023-03-28,12,25,19,35,1,3,0,0,0.03985944776088,0,0,1
2023-03-29,10,34,19,35,2,3,0,0,0.0265302955329552,0,1,0
2023-03-30,10,21,19,35,3,3,0,1,0.0124561714063569,0,0,1
2023-03-31,17,22,19,35,4,3,0,0,0.0223891324044138,1,0,0
2023-04-01,19,35,19,35,5,4,1,0,0.0336988325995236,1,0,0
2023-04-02,11,31,19,35,6,4,1,0,0.0098423353307583,0,0,1
2023-04-03,12,35,19,35,0,4,0,0,0.0196990329270946,1,0,0
2023-04-04,11,34,19,35,1,4,0,0,0.0175651717821826,0,0,1
2023-04-05,12,31,19,35,2,4,0,0,0.0136858836324586,0,0,1
2023-04-06,16,35,19,35,3,4,0,0,0.0224155486847639,0,0,1
2023-04-07,10,27,19,35,4,4,0,0,0.0189928274594402,0,1,0
2023-04-08,19,33,19,35,5,4,1,1,0.0264335017956975,0,0,1
2023-04-09,17,35,19,35,6,4,1,0,0.0314096949425643,0,0,1
2023-04-10,19,27,19,35,0,4,0,0,0.0072716957954605,0,0,1
2023-04-11,19,34,19,35,1,4,0,0,0.0206753106398049,0,1,0
2023-04-12,19,33,19,35,2,4,0,0,0.0194687386124554,1,0,0
2023-04-13,11,35,19,35,3,4,0,0,0.0220341467338958,0,1,0
2023-04-14,12,35,19,35,4,4,0,0,0.0198452915523295,0,0,1
2023-04-15,18,26,19,35,5,4,1,0,0.0101933708776996,0,1,0
2023-04-16,16,22,19,35,6,4,1,0,0.0345474953537058,1,0,0
2023-04-17,13,31,19,35,0,4,0,0,0.0388076114620264,1,0,0
2023-04-18,19,22,19,35,1,4,0,0,0.0254688970345168,0,0,1
2023-04-19,14,35,19,35,2,4,0,0,0.0259810177976115,1,0,0
2023-04-20,11,33,19,35,3,4,0,0,0.0213104916396117,0,1,0
2023-04-21,17,34,19,35,4,4,0,0,0.02969203221779,0,1,0
2023-04-22,13,33,19,35,5,4,1,0,0.0,1,0,0
2023-04-23,18,26,19,35,6,4,1,0,0.0199613772120813,0,0,1
2023-04-24,14,35,19,35,0,4,0,0,0.0142737299730448,0,0,1
2023-04-25,18,31,19,35,1,4,0,0,0.0214581809802128,0,1,0
2023-04-26,13,35,19,35,2,4,0,0,0.030926275651731,1,0,0
2023-04-27,19,23,19,35,3,4,0,0,0.0201903417621607,0,1,0
2023-04-28,14,28,19,35,4,4,0,0,0.0163950766132932,0,1,0
2023-04-29,18,25,19,35,5,4,1,0,0.0059672897025955,0,1,0
2023-04-30,17,35,19,35,6,4,1,0,0.0189072348778161,0,0,1
2023-05-01,12,21,19,35,0,5,0,0,0.0267227769691068,1,0,0
2023-05-02,10,27,19,35,1,5,0,0,0.0115891187298803,1,0,0
2023-05-03,12,30,19,35,2,5,0,0,0.0,0,0,1
2023-05-04,13,32,19,35,3,5,0,0,0.0427424015121136,0,1,0
2023-05-05,11,35,19,35,4,5,0,0,0.0233517548410069,0,1,0
2023-05-06,10,27,19,35,5,5,1,0,0.0177842641140904,0,0,1
2023-05-07,16,35,19,35,6,5,1,0,0.0339099480520437,1,0,0
2023-05-08,17,35,19,35,0,5,0,0,0.021414793414838,0,0,1
2023-05-09,16,33,19,35,1,5,0,1,0.0333203181163123,1,0,0
2023-05-10,14,34,19,35,2,5,0,0,0.0324636121587722,1,0,0
2023-05-11,10,25,19,35,3,5,0,1,0.0072547912611486,1,0,0
2023-05-12,16,30,19,35,4,5,0,0,0.0245999461641305,0,1,0
2023-05-13,16,32,19,35,5,5,1,0,0.0372528565696934,0,1,0
2023-05-14,18,20,19,35,6,5,1,0,0.0100134930965219,0,0,1
2023-05-15,12,25,19,35,0,5,0,1,0.0101362540794765,0,0,1
2023-05-16,18,28,19,35,1,5,0,0,0.0118279893049798,0,1,0
2023-05-17,10,27,19,35,2,5,0,0,0.028904185854902,0,0,1
2023-05-18,10,30,19,35,3,5,0,0,0.0228438571286359,0,1,0
2023-05-19,13,35,19,35,4,5,0,0,0.0006422766916037,0,1,0
2023-05-20,18,28,19,35,5,5,1,0,0.0234094612351693,1,0,0
2023-05-21,15,35,19,35,6,5,1,0,0.0174808506712884,1,0,0
2023-05-22,12,31,19,35,0,5,0,0,0.0188772413134983,0,1,0
2023-05-23,10,33,19,35,1,5,0,0,0.0116297990355888,1,0,0
2023-05-24,13,34,19,35,2,5,0,0,0.0234825822151413,0,1,0
2023-05-25,18,35,19,35,3,5,0,0,0.0305045828030695,1,0,0
2023-05-26,12,35,19,35,4,5,0,1,0.0135803363266752,0,0,1
2023-05-27,18,20,19,35,5,5,1,0,0.0031754396906308,0,0,1
2023-05-28,16,29,19,35,6,5,1,1,0.0169688567848328,0,1,0
2023-05-29,13,27,19,35,0,5,0,0,0.0275628672860222,0,1,0
2023-05-30,12,35,19,35,1,5,0,0,0.015789696541375,1,0,0
2023-05-31,19,20,19,35,2,5,0,0,0.0050245103883983,1,0,0
2023-06-01,14,21,19,35,3,6,0,0,0.0276324284891938,0,1,0
2023-06-02,14,20,19,35,4,6,0,0,0.0341534814699831,0,0,1
2023-06-03,12,20,19,35,5,6,1,0,0.0202001555011092,0,0,1
2023-06-04,18,28,19,35,6,6,1,0,0.003942091400184,0,1,0
2023-06-05,13,32,19,35,0,6,0,0,0.0168216945798045,0,0,1
2023-06-06,14,20,19,35,1,6,0,0,0.0215153888082527,0,1,0
2023-06-07,13,32,19,35,2,6,0,0,0.0119028669274827,1,0,0
2023-06-08,14,35,19,35,3,6,0,0,0.0258337223127141,0,0,1
2023-06-09,16,26,19,35,4,6,0,0,0.010925388851002,0,0,1
2023-06-10,18,21,19,35,5,6,1,0,0.0202562767240202,1,0,0
2023-06-11,16,25,19,35,6,6,1,0,0.0177167791566163,1,0,0
2023-06-12,14,26,19,35,0,6,0,0,0.0261585479815008,0,0,1
2023-06-13,19,33,19,35,1,6,0,0,0.0198573082240544,0,0,1
2023-06-14,19,35,19,35,2,6,0,0,0.0180350829992074,0,1,0
2023-06-15,16,34,19,35,3,6,0,0,0.0119713475976607,0,1,0
2023-06-16,19,21,19,35,4,6,0,0,0.0203476901459326,0,0,1
2023-06-17,14,29,19,35,5,6,1,0,0.0173979249864105,0,1,0
2023-06-18,12,31,19,35,6,6,1,0,0.0112946974377199,1,0,0
2023-06-19,16,35,19,35,0,6,0,0,0.0215949102441843,0,1,0
2023-06-20,11,27,19,35,1,6,0,0,0.0236397134005609,0,1,0
2023-06-21,18,30,19,35,2,6,0,0,0.0166159277794318,0,0,1
2023-06-22,19,22,19,35,3,6,0,0,0.0293156923106375,0,1,0
2023-06-23,19,25,19,35,4,6,0,0,0.0226397430943615,0,0,1
2023-06-24,10,28,19,35,5,6,1,0,0.0071614611314136,0,0,1
2023-06-25,15,25,19,35,6,6,1,1,0.0333739399491368,0,0,1
2023-06-26,16,28,19,35,0,6,0,0,0.0276698793138003,1,0,0
2023-06-27,17,26,19,35,1,6,0,0,0.0300183121126153,0,1,0
2023-06-28,19,28,19,35,2,6,0,0,0.0240050295686277,0,1,0
2023-06-29,18,35,19,35,3,6,0,0,0.0,0,1,0
2023-06-30,11,31,19,35,4,6,0,0,0.0309261859125682,0,0,1
2023-07-01,19,27,19,35,5,7,1,0,0.0206078768331998,1,0,0
2023-07-02,11,27,19,35,6,7,1,0,0.0235321918183079,0,0,1
2023-07-03,14,35,19,35,0,7,0,0,0.0254038404777366,0,1,0
2023-07-04,14,35,19,35,1,7,0,0,0.0393627711264456,0,0,1
2023-07-05,15,34,19,35,2,7,0,0,0.0145377631553389,0,0,1
2023-07-06,12,26,19,35,3,7,0,0,0.0147959700976054,0,1,0
2023-07-07,17,30,19,35,4,7,0,0,0.0114896547829043,0,0,1
2023-07-08,10,35,19,35,5,7,1,0,0.0093005744860488,0,0,1
2023-07-09,15,35,19,35,6,7,1,0,0.009484687664153,1,0,0
2023-07-10,13,23,19,35,0,7,0,0,0.0014823525372958,0,0,1
2023-07-11,10,25,19,35,1,7,0,0,0.0242665581059247,1,0,0
2023-07-12,16,22,19,35,2,7,0,0,0.0398780656476208,0,1,0
2023-07-13,18,28,19,35,3,7,0,0,0.0405157432182022,1,0,0
2023-07-14,13,29,19,35,4,7,0,0,0.0114763187595799,0,0,1
2023-07-15,13,33,19,35,5,7,1,0,0.0172784562236076,0,1,0
2023-07-16,15,30,19,35,6,7,1,0,0.0323334218045079,0,0,1
2023-07-17,12,35,19,35,0,7,0,0,0.0243234696420778,0,0,1
2023-07-18,15,31,19,35,1,7,0,0,0.0213451567159461,1,0,0
2023-07-19,16,31,19,35,2,7,0,0,0.0174326542115743,0,0,1
2023-07-20,19,32,19,35,3,7,0,1,0.0317830144494321,1,0,0
2023-07-21,19,32,19,35,4,7,0,0,0.0092694904129353,0,1,0
2023-07-22,12,35,19,35,5,7,1,0,0.0248087506544596,0,1,0
2023-07-23,16,35,19,35,6,7,1,0,0.0234493384252261,0,0,1
2023-07-24,12,33,19,35,0,7,0,0,0.0204337195668335,1,0,0
2023-07-25,11,23,19,35,1,7,0,0,0.0278772965743358,0,0,1
2023-07-26,19,32,19,35,2,7,0,0,0.020337372949328,0,0,1
2023-07-27,13,27,19,35,3,7,0,0,0.0146547241006255,0,0,1
2023-07-28,17,35,19,35,4,7,0,1,0.0209251130898214,0,0,1
2023-07-29,18,31,19,35,5,7,1,0,0.0040789633036217,1,0,0
2023-07-30,16,35,19,35,6,7,1,0,0.0261271473119656,0,0,1
2023-07-31,10,25,19,35,0,7,0,1,0.0286822925349957,0,1,0
2023-08-01,12,35,19,35,1,8,0,0,0.0134338546855384,1,0,0
2023-08-02,18,35,19,35,2,8,0,0,0.0110548877838172,0,0,1
2023-08-03,10,24,19,35,3,8,0,0,0.0138024834332891,1,0,0
2023-08-04,18,28,19,35,4,8,0,0,0.019369770226201,0,0,1
2023-08-05,17,22,19,35,5,8,1,1,0.0221588595803559,0,1,0
2023-08-06,10,29,19,35,6,8,1,0,0.0361549194389008,0,1,0
2023-08-07,15,35,19,35,0,8,0,0,0.0348909101611115,0,1,0
2023-08-08,14,22,19,35,1,8,0,0,0.0283154266507253,1,0,0
2023-08-09,15,34,19,35,2,8,0,0,0.0212126066234918,0,1,0
2023-08-10,19,20,19,35,3,8,0,0,0.0107307591390039,0,0,1
2023-08-11,14,26,19,35,4,8,0,0,0.0367963723342126,0,0,1
2023-08-12,15,31,19,35,5,8,1,0,0.0175235786931769,0,0,1
2023-08-13,14,35,19,35,6,8,1,0,0.0228137413393525,1,0,0
2023-08-14,14,35,19,35,0,8,0,0,0.0262735238854436,1,0,0
2023-08-15,13,24,19,35,1,8,0,0,0.0206159585537267,0,1,0
2023-08-16,12,23,19,35,2,8,0,0,0.0315109734544882,1,0,0
2023-08-17,12,31,19,35,3,8,0,1,0.0245539194410251,0,0,1
2023-08-18,13,35,19,35,4,8,0,1,0.0298863852213926,0,0,1
2023-08-19,18,35,19,35,5,8,1,0,0.0244734555930633,0,0,1
2023-08-20,11,35,19,35,6,8,1,0,0.0196210033778143,1,0,0
2023-08-21,18,35,19,35,0,8,0,0,0.0207418561152216,0,0,1
2023-08-22,10,28,19,35,1,8,0,0,0.0193775952167599,0,1,0
2023-08-23,10,23,19,35,2,8,0,0,0.0071571418157055,1,0,0
2023-08-24,14,21,19,35,3,8,0,0,0.0099918053901638,0,0,1
2023-08-25,15,23,19,35,4,8,0,0,0.0274054753582368,0,0,1
2023-08-26,15,21,19,35,5,8,1,0,0.0074062872503403,1,0,0
2023-08-27,12,34,19,35,6,8,1,1,0.0159577670962481,1,0,0
2023-08-28,16,21,19,35,0,8,0,0,0.0094989643053333,0,1,0
2023-08-29,18,23,19,35,1,8,0,0,0.0154228105196118,1,0,0
2023-08-30,19,25,19,35,2,8,0,0,0.0184473069589624,0,0,1
2023-08-31,17,26,19,35,3,8,0,0,0.0159376624163352,0,1,0
2023-09-01,15,29,19,35,4,9,0,0,0.0057163557274992,0,0,1
2023-09-02,17,35,19,35,5,9,1,0,0.0181446949765353,0,0,1
2023-09-03,14,35,19,35,6,9,1,0,0.010411038385521,0,0,1
2023-09-04,17,31,19,35,0,9,0,0,0.0136344279027389,1,0,0
2023-09-05,19,22,19,35,1,9,0,0,0.0274052015329999,1,0,0
2023-09-06,13,32,19,35,2,9,0,0,0.0295539299645735,0,0,1
2023-09-07,19,35,19,35,3,9,0,0,0.006890291642771,1,0,0
2023-09-08,17,27,19,35,4,9,0,0,0.0356866589707814,0,0,1
2023-09-09,19,34,19,35,5,9,1,0,0.0148991342328102,1,0,0
2023-09-10,11,20,19,35,6,9,1,0,0.013989898793681,1,0,0
2023-09-11,14,22,19,35,0,9,0,0,0.0110834521265921,1,0,0
2023-09-12,18,27,19,35,1,9,0,1,0.0205591207498653,0,1,0
2023-09-13,13,23,19,35,2,9,0,1,0.0398155025004893,1,0,0
2023-09-14,15,35,19,35,3,9,0,0,0.0046034058104711,0,1,0
2023-09-15,10,29,19,35,4,9,0,0,0.0,0,1,0
2023-09-16,18,31,19,35,5,9,1,0,0.0226851052574708,0,1,0
2023-09-17,10,33,19,35,6,9,1,1,0.0256933917292529,0,0,1
2023-09-18,14,33,19,35,0,9,0,0,0.0205267220981521,1,0,0
2023-09-19,13,21,19,35,1,9,0,0,0.0259579947541633,0,0,1
2023-09-20,12,24,19,35,2,9,0,0,0.0086873900660996,0,1,0
2023-09-21,15,24,19,35,3,9,0,0,0.0105513022770424,1,0,0
2023-09-22,11,25,19,35,4,9,0,0,0.0212395793250589,0,0,1
2023-09-23,12,32,19,35,5,9,1,0,0.0375806936072882,0,1,0
2023-09-24,14,28,19,35,6,9,1,0,0.0256068066009005,0,0,1
2023-09-25,18,34,19,35,0,9,0,0,0.0260720398974424,0,0,1
2023-09-26,11,33,19,35,1,9,0,0,0.0092632350443274,1,0,0
2023-09-27,19,26,19,35,2,9,0,0,0.0242240508283192,1,0,0
2023-09-28,17,35,19,35,3,9,0,0,0.008178507511982,0,0,1
2023-09-29,11,21,19,35,4,9,0,1,0.0376775735796021,1,0,0
2023-09-30,14,26,19,35,5,9,1,0,0.0098807269063662,1,0,0
2023-10-01,16,25,19,35,6,10,1,0,0.0120351938150163,0,0,1
2023-10-02,17,35,19,35,0,10,0,0,0.0052692435693538,1,0,0
2023-10-03,10,21,19,35,1,10,0,0,0.0208581631955639,1,0,0
2023-10-04,15,22,19,35,2,10,0,0,0.020437916478631,0,1,0
2023-10-05,10,24,19,35,3,10,0,0,0.0351324108117671,1,0,0
2023-10-06,11,24,19,35,4,10,0,0,0.0277641491863843,0,1,0
2023-10-07,10,20,19,35,5,10,1,0,0.0120923328674495,0,0,1
2023-10-08,14,27,19,35,6,10,1,0,0.0287339553641728,0,1,0
2023-10-09,19,31,19,35,0,10,0,0,0.007564843276759,0,0,1
2023-10-10,18,23,19,35,1,10,0,1,0.0128164696116935,1,0,0
2023-10-11,15,32,19,35,2,10,0,0,0.0211845954873922,1,0,0
2023-10-12,10,34,19,35,3,10,0,0,0.008681136214674,0,1,0
2023-10-13,10,30,19,35,4,10,0,0,0.0306465885040814,0,0,1
2023-10-14,11,29,19,35,5,10,1,0,0.0427931283484802,1,0,0
2023-10-15,18,22,19,35,6,10,1,0,0.0170547790918736,0,1,0
2023-10-16,12,33,19,35,0,10,0,0,0.0134831308130879,0,1,0
2023-10-17,10,35,19,35,1,10,0,0,0.0187041038932595,0,1,0
2023-10-18,14,29,19,35,2,10,0,0,0.0144262767148799,1,0,0
2023-10-19,16,29,19,35,3,10,0,1,0.0226173043819388,0,0,1
2023-10-20,15,31,19,35,4,10,0,0,0.0067759551929717,1,0,0
2023-10-21,10,28,19,35,5,10,1,0,0.0231850639860137,1,0,0
2023-10-22,14,20,19,35,6,10,1,0,0.0391192323856982,0,0,1
2023-10-23,14,24,19,35,0,10,0,1,0.0,0,1,0
2023-10-24,15,35,19,35,1,10,0,1,0.0083135257005968,1,0,0
2023-10-25,12,27,19,35,2,10,0,0,0.0155494265611274,0,1,0
2023-10-26,14,30,19,35,3,10,0,0,0.025418928204759,0,1,0
2023-10-27,16,31,19,35,4,10,0,0,0.0289038209576504,0,0,1
2023-10-28,14,20,19,35,5,10,1,0,0.0280993449250083,0,0,1
2023-10-29,14,35,19,35,6,10,1,0,0.00308298177405,0,0,1
2023-10-30,14,30,19,35,0,10,0,0,0.013256541734037,0,1,0
2023-10-31,19,24,19,35,1,10,0,0,0.0109968309188191,0,1,0
2023-11-01,19,34,19,35,2,11,0,1,0.0193480111565017,1,0,0
2023-11-02,12,24,19,35,3,11,0,1,0.0201828008575882,0,1,0
2023-11-03,10,31,19,35,4,11,0,0,0.0063077288652942,0,0,1
2023-11-04,14,24,19,35,5,11,1,0,0.0156044564491423,0,0,1
2023-11-05,18,35,19,35,6,11,1,0,0.025805185455957,0,0,1
2023-11-06,10,35,19,35,0,11,0,0,0.0137166916541044,0,0,1
2023-11-07,12,31,19,35,1,11,0,0,0.0179976666460997,0,1,0
2023-11-08,13,34,19,35,2,11,0,0,0.0369688981958064,0,0,1
2023-11-09,10,34,19,35,3,11,0,0,0.0399002951351917,1,0,0
2023-11-10,10,25,19,35,4,11,0,0,0.0,0,1,0
2023-11-11,17,31,19,35,5,11,1,0,0.0211389757199847,0,0,1
2023-11-12,11,35,19,35,6,11,1,0,0.0491703277120865,1,0,0
2023-11-13,17,35,19,35,0,11,0,0,0.0247884686783257,0,0,1
2023-11-14,16,33,19,35,1,11,0,0,0.0201849005894715,0,1,0
2023-11-15,19,21,19,35,2,11,0,0,0.0331268817844964,0,1,0
2023-11-16,19,28,19,35,3,11,0,0,0.0221809280646166,1,0,0
2023-11-17,11,24,19,35,4,11,0,0,0.0270913714551133,0,1,0
2023-11-18,15,35,19,35,5,11,1,0,0.0178969550500795,1,0,0
2023-11-19,15,20,19,35,6,11,1,0,0.0220351036041491,0,0,1
2023-11-20,12,22,19,35,0,11,0,0,0.024266306900422,0,1,0
2023-11-21,11,25,19,35,1,11,0,0,0.0286555876567398,0,0,1
2023-11-22,10,24,19,35,2,11,0,0,0.0156827931791058,0,0,1
2023-11-23,15,24,19,35,3,11,0,0,0.0154110091220912,0,1,0
2023-11-24,14,20,19,35,4,11,0,0,0.000725175724659,0,0,1
2023-11-25,18,35,19,35,5,11,1,0,0.0161284894415017,1,0,0
2023-11-26,10,35,19,35,6,11,1,0,0.0295303536509775,1,0,0
2023-11-27,16,33,19,35,0,11,0,0,0.0246322445600013,1,0,0
2023-11-28,14,31,19,35,1,11,0,0,0.0100324809759423,0,1,0
2023-11-29,14,29,19,35,2,11,0,0,0.0009613752487579,0,0,1
2023-11-30,11,35,19,35,3,11,0,0,0.0185757926491243,0,0,1
2023-12-01,12,35,19,35,4,12,0,0,0.0292377785264397,0,0,1
2023-12-02,16,30,19,35,5,12,1,0,0.0152110166819018,0,0,1
2023-12-03,15,21,19,35,6,12,1,0,0.005550774958542,1,0,0
2023-12-04,11,35,19,35,0,12,0,0,0.0141049282769538,0,1,0
2023-12-05,15,26,19,35,1,12,0,0,0.0232615886391576,1,0,0
2023-12-06,11,34,19,35,2,12,0,0,0.0324243728652569,1,0,0
2023-12-07,11,30,19,35,3,12,0,0,0.0174330497187561,0,1,0
2023-12-08,11,35,19,35,4,12,0,1,0.0305489241255174,0,1,0
2023-12-09,12,31,19,35,5,12,1,0,0.0294404214814908,1,0,0
2023-12-10,11,25,19,35,6,12,1,0,0.0082333484261451,0,0,1
2023-12-11,13,35,19,35,0,12,0,0,0.0325070811826915,0,1,0
2023-12-12,18,32,19,35,1,12,0,0,0.0229511276707714,0,1,0
2023-12-13,15,35,19,35,2,12,0,0,0.0079331694625578,1,0,0
2023-12-14,10,35,19,35,3,12,0,0,0.0376083133993773,0,0,1
2023-12-15,17,35,19,35,4,12,0,0,0.0187442441206991,0,1,0
2023-12-16,16,29,19,35,5,12,1,0,0.0005655684768908,1,0,0
2023-12-17,19,27,19,35,6,12,1,0,0.0129373365209589,0,1,0
2023-12-18,12,35,19,35,0,12,0,0,0.0104754575828477,0,0,1
2023-12-19,10,20,19,35,1,12,0,0,0.0131826006588513,1,0,0
2023-12-20,14,27,19,35,2,12,0,0,0.0155481458784175,1,0,0
2023-12-21,13,25,19,35,3,12,0,0,0.0174261073371506,0,0,1
2023-12-22,19,24,19,35,4,12,0,0,0.0170499729148286,1,0,0
2023-12-23,17,34,19,35,5,12,1,1,0.0190251477402294,0,0,1
2023-12-24,10,34,19,35,6,12,1,0,0.0258739338641755,1,0,0
2023-12-25,19,21,19,35,0,12,0,0,0.0125356364077271,0,0,1
2023-12-26,10,20,19,35,1,12,0,0,0.0318100053100394,0,1,0
2023-12-27,13,30,19,35,2,12,0,0,0.0077481650142832,0,1,0
2023-12-28,17,29,19,35,3,12,0,0,0.0261511885582542,0,1,0
2023-12-29,14,35,19,35,4,12,0,0,0.0364327132768593,1,0,0
2023-12-30,11,35,19,35,5,12,1,0,0.0182264345136009,0,0,1
2023-12-31,15,35,19,35,6,12,1,0,0.0219346537098823,0,0,1
2024-01-01,14,27,19,35,0,1,0,0,0.0103202760962452,0,1,0
2024-01-02,11,34,19,35,1,1,0,0,0.0148821827587497,0,1,0
2024-01-03,12,27,19,35,2,1,0,0,0.0356767853721465,0,1,0
2024-01-04,18,35,19,35,3,1,0,0,0.0274848229438364,0,0,1
2024-01-05,16,31,19,35,4,1,0,0,0.0241854432009397,0,1,0
2024-01-06,16,27,19,35,5,1,1,0,0.0006202545278345,1,0,0
2024-01-07,15,33,19,35,6,1,1,0,0.0128352709893341,0,1,0
2024-01-08,17,23,19,35,0,1,0,1,0.0373899181032685,0,1,0
2024-01-09,13,20,19,35,1,1,0,0,0.0241083196312415,0,0,1
2024-01-10,17,20,19,35,2,1,0,0,0.0253559539684404,1,0,0
2024-01-11,13,35,19,35,3,1,0,0,0.021705551539461,0,0,1
2024-01-12,17,35,19,35,4,1,0,0,0.0138701051106645,1,0,0
2024-01-13,18,33,19,35,5,1,1,0,0.0233254159045644,1,0,0
2024-01-14,12,35,19,35,6,1,1,0,0.0046978585417749,0,1,0
2024-01-15,12,24,19,35,0,1,0,0,0.0039454530096092,0,1,0
2024-01-16,11,28,19,35,1,1,0,0,0.0126472528062244,0,0,1
2024-01-17,19,21,19,35,2,1,0,0,0.0219216423603326,0,0,1
2024-01-18,12,35,19,35,3,1,0,0,0.0043032687497152,0,0,1
2024-01-19,12,25,19,35,4,1,0,0,0.021270426920149,1,0,0
2024-01-20,14,28,19,35,5,1,1,0,0.0100544075366852,0,0,1
2024-01-21,14,20,19,35,6,1,1,0,0.011401745292121,1,0,0
2024-01-22,11,28,19,35,0,1,0,0,0.032995884776652,1,0,0
2024-01-23,19,35,19,35,1,1,0,0,0.0203729407982066,1,0,0
2024-01-24,15,32,19,35,2,1,0,0,0.0109619462156445,1,0,0
2024-01-25,14,28,19,35,3,1,0,0,0.0218683347276095,1,0,0
2024-01-26,15,32,19,35,4,1,0,1,0.005303816959937,0,1,0
2024-01-27,10,28,19,35,5,1,1,0,0.0238233032779988,1,0,0
2024-01-28,14,30,19,35,6,1,1,0,0.0310731818651593,1,0,0
2024-01-29,18,23,19,35,0,1,0,0,0.0266172873502159,0,1,0
2024-01-30,19,21,19,35,1,1,0,0,0.0415771430443796,0,1,0
2024-01-31,11,25,19,35,2,1,0,0,0.0006160893873778,0,1,0
2024-02-01,10,33,19,35,3,2,0,0,0.0212696908007978,0,0,1
2024-02-02,19,23,19,35,4,2,0,0,0.0065649927017548,0,0,1
2024-02-03,18,25,19,35,5,2,1,0,0.0182677856864823,1,0,0
2024-02-04,19,35,19,35,6,2,1,0,0.0200154396841225,1,0,0
2024-02-05,18,25,19,35,0,2,0,0,0.0427984548297451,1,0,0
2024-02-06,18,21,19,35,1,2,0,1,0.0194022288960766,1,0,0
2024-02-07,15,35,19,35,2,2,0,1,0.0192156977971535,0,1,0
2024-02-08,17,32,19,35,3,2,0,0,0.0300515910669008,0,0,1
2024-02-09,10,28,19,35,4,2,0,0,0.0194717826047242,0,1,0
2024-02-10,19,35,19,35,5,2,1,0,0.0383114707525463,0,0,1
2024-02-11,13,32,19,35,6,2,1,0,0.026696844893165,0,1,0
2024-02-12,10,30,19,35,0,2,0,0,0.0282850307982001,1,0,0
2024-02-13,17,20,19,35,1,2,0,1,0.0013243606356124,0,0,1
2024-02-14,10,26,19,35,2,2,0,1,0.0398521281883655,1,0,0
2024-02-15,12,34,19,35,3,2,0,0,0.0134354107969793,0,0,1
2024-02-16,13,20,19,35,4,2,0,0,0.0199026983249165,0,0,1
2024-02-17,17,31,19,35,5,2,1,0,0.0134729609486465,1,0,0
2024-02-18,15,26,19,35,6,2,1,0,0.0097574868937212,1,0,0
2024-02-19,19,34,19,35,0,2,0,0,0.0079783163282566,1,0,0
2024-02-20,16,35,19,35,1,2,0,0,0.0210324165869908,0,1,0
2024-02-21,17,20,19,35,2,2,0,0,0.000301032065594,0,0,1
2024-02-22,11,35,19,35,3,2,0,0,0.0175719771268804,0,0,1
2024-02-23,19,35,19,35,4,2,0,1,0.0305776864730223,0,0,1
2024-02-24,17,22,19,35,5,2,1,0,0.0263194223774218,1,0,0
2024-02-25,12,31,19,35,6,2,1,0,0.0243243538765606,0,0,1
2024-02-26,16,25,19,35,0,2,0,0,0.0110461545780844,0,0,1
2024-02-27,12,30,19,35,1,2,0,0,0.0041390480768108,1,0,0
2024-02-28,16,22,19,35,2,2,0,0,0.0304179411902159,1,0,0
2024-02-29,11,27,19,35,3,2,0,0,0.0155104018405982,0,0,1
2024-03-01,19,33,19,35,4,3,0,1,0.0191692155903611,0,1,0
2024-03-02,15,33,19,35,5,3,1,0,0.0180240543127764,1,0,0
2024-03-03,12,29,19,35,6,3,1,0,0.0267239296988087,0,1,0
2024-03-04,12,21,19,35,0,3,0,0,0.0384331604612595,0,1,0
2024-03-05,18,33,19,35,1,3,0,0,0.0346237415142342,0,1,0
2024-03-06,16,28,19,35,2,3,0,0,0.0,0,1,0
2024-03-07,14,22,19,35,3,3,0,1,0.0169146102871096,1,0,0
2024-03-08,19,27,19,35,4,3,0,0,0.0065325648148146,0,0,1
2024-03-09,16,35,19,35,5,3,1,0,0.0293842885758018,0,0,1
2024-03-10,18,21,19,35,6,3,1,0,0.0200398348162408,1,0,0
2024-03-11,10,25,19,35,0,3,0,0,0.0260615187153536,1,0,0
2024-03-12,16,31,19,35,1,3,0,0,0.016058755294422,0,1,0
2024-03-13,15,24,19,35,2,3,0,0,0.0096062839406902,0,1,0
2024-03-14,19,21,19,35,3,3,0,0,0.0113171926820003,1,0,0
2024-03-15,18,35,19,35,4,3,0,0,0.0046698733274226,0,0,1
2024-03-16,10,24,19,35,5,3,1,0,0.0073636593049843,0,1,0
2024-03-17,13,34,19,35,6,3,1,0,0.0052570694449146,1,0,0
2024-03-18,18,31,19,35,0,3,0,1,0.0096429732218688,1,0,0
2024-03-19,13,23,19,35,1,3,0,0,0.0090772183596881,1,0,0
2024-03-20,19,34,19,35,2,3,0,1,0.0239409310502821,0,1,0
2024-03-21,12,30,19,35,3,3,0,0,0.0235486164465499,1,0,0
2024-03-22,18,35,19,35,4,3,0,0,0.0239300420685818,0,0,1
2024-03-23,11,25,19,35,5,3,1,1,0.0317499536225158,1,0,0
2024-03-24,13,33,19,35,6,3,1,0,0.0192166210862388,0,1,0
2024-03-25,15,35,19,35,0,3,0,0,0.0121918540291708,0,0,1
2024-03-26,11,31,19,35,1,3,0,0,0.042114035759302,0,0,1
2024-03-27,17,30,19,35,2,3,0,0,0.0290564590330379,1,0,0
2024-03-28,17,32,19,35,3,3,0,0,0.0215231979320455,1,0,0
2024-03-29,10,30,19,35,4,3,0,0,0.0208287445399233,0,0,1
2024-03-30,12,35,19,35,5,3,1,0,0.022896535209003,1,0,0
2024-03-31,19,34,19,35,6,3,1,0,0.0179789871964578,0,1,0
2024-04-01,18,34,19,35,0,4,0,0,0.0212822454150382,0,0,1
2024-04-02,14,23,19,35,1,4,0,0,0.0249937966061579,1,0,0
2024-04-03,15,30,19,35,2,4,0,1,0.0127346378603445,0,0,1
2024-04-04,13,35,19,35,3,4,0,0,0.0036588414816296,1,0,0
2024-04-05,19,34,19,35,4,4,0,0,0.0,1,0,0
2024-04-06,11,23,19,35,5,4,1,1,0.0288789881893371,0,1,0
2024-04-07,17,32,19,35,6,4,1,0,0.0041707583728254,1,0,0
2024-04-08,15,35,19,35,0,4,0,0,0.0246534399395787,1,0,0
2024-04-09,14,21,19,35,1,4,0,0,0.0084564410495186,1,0,0
2024-04-10,18,33,19,35,2,4,0,0,0.0086175405394007,0,1,0
2024-04-11,10,23,19,35,3,4,0,0,0.0128180123949423,1,0,0
2024-04-12,14,35,19,35,4,4,0,0,0.0219413215200564,1,0,0
2024-04-13,15,35,19,35,5,4,1,1,0.007114082916224,1,0,0
2024-04-14,14,33,19,35,6,4,1,0,0.0138306752970588,0,0,1
2024-04-15,15,34,19,35,0,4,0,0,0.0197428092781944,0,1,0
2024-04-16,15,22,19,35,1,4,0,0,0.0078973820915306,0,0,1
2024-04-17,16,27,19,35,2,4,0,0,0.0342823421447469,0,1,0
2024-04-18,13,35,19,35,3,4,0,1,0.0027746225740619,0,1,0
2024-04-19,17,29,19,35,4,4,0,0,0.0178183081754917,0,0,1
2024-04-20,16,23,19,35,5,4,1,0,0.032725406325855,0,1,0
2024-04-21,18,35,19,35,6,4,1,0,0.0067553343610938,0,1,0
2024-04-22,16,21,19,35,0,4,0,0,0.0189037414951228,0,0,1
2024-04-23,12,35,19,35,1,4,0,0,0.0213285868266724,1,0,0
2024-04-24,12,32,19,35,2,4,0,0,0.0119322954799748,0,1,0
2024-04-25,17,23,19,35,3,4,0,0,0.0192251722566811,0,0,1
2024-04-26,14,30,19,35,4,4,0,0,0.0256144446085995,0,1,0
2024-04-27,13,26,19,35,5,4,1,0,0.015328593016821,0,0,1
2024-04-28,17,31,19,35,6,4,1,0,0.0276432961413038,1,0,0
2024-04-29,15,29,19,35,0,4,0,0,0.0239273094038199,0,1,0
2024-04-30,11,26,19,35,1,4,0,0,0.0141709979884656,1,0,0
2024-05-01,13,32,19,35,2,5,0,0,0.0312745436712254,1,0,0
2024-05-02,13,26,19,35,3,5,0,0,0.0125906288631687,0,0,1
2024-05-03,15,35,19,35,4,5,0,0,0.0285589330540521,0,1,0
2024-05-04,15,29,19,35,5,5,1,0,0.0127698430171393,0,1,0
2024-05-05,10,29,19,35,6,5,1,0,0.0168392664115826,0,1,0
2024-05-06,17,23,19,35,0,5,0,0,0.0183735571022285,0,1,0
2024-05-07,15,35,19,35,1,5,0,0,0.0233858309088636,0,1,0
2024-05-08,12,23,19,35,2,5,0,0,0.0,0,0,1
2024-05-09,18,26,19,35,3,5,0,0,0.0245801555148985,0,1,0
2024-05-10,11,20,19,35,4,5,0,0,0.0189752077685759,1,0,0
2024-05-11,17,31,19,35,5,5,1,0,0.0228574016127659,1,0,0
2024-05-12,19,32,19,35,6,5,1,0,0.025024883236221,0,1,0
2024-05-13,12,29,19,35,0,5,0,0,0.0239380883799126,0,0,1
2024-05-14,14,34,19,35,1,5,0,1,0.0,0,0,1
2024-05-15,15,32,19,35,2,5,0,0,0.0093898940121197,0,1,0
2024-05-16,19,28,19,35,3,5,0,0,0.0233281593432606,1,0,0
2024-05-17,15,28,19,35,4,5,0,0,0.0219969619662539,0,1,0
2024-05-18,13,34,19,35,5,5,1,0,0.0121044631448367,0,1,0
2024-05-19,12,29,19,35,6,5,1,0,0.0273763920005988,0,1,0
2024-05-20,13,29,19,35,0,5,0,0,0.0174357483087141,0,0,1
2024-05-21,10,27,19,35,1,5,0,0,0.0288572635388185,0,0,1
2024-05-22,13,35,19,35,2,5,0,0,0.0321002131144574,1,0,0
2024-05-23,10,35,19,35,3,5,0,1,0.0227830205156317,1,0,0
2024-05-24,10,24,19,35,4,5,0,0,0.0255555248183255,0,1,0
2024-05-25,19,23,19,35,5,5,1,0,0.0139153991856773,1,0,0
2024-05-26,15,35,19,35,6,5,1,1,0.0289220987280998,0,1,0
2024-05-27,14,35,19,35,0,5,0,1,0.02218124369681,1,0,0
2024-05-28,13,23,19,35,1,5,0,1,0.0170528896115581,0,1,0
2024-05-29,12,26,19,35,2,5,0,0,0.0078118166678234,0,0,1
2024-05-30,10,29,19,35,3,5,0,1,0.015145586308959,0,1,0
2024-05-31,15,35,19,35,4,5,0,0,0.0089052445516025,0,0,1
2024-06-01,11,35,19,35,5,6,1,0,0.0276148973893936,0,0,1
2024-06-02,17,23,19,35,6,6,1,0,0.0322042990958886,1,0,0
2024-06-03,19,29,19,35,0,6,0,0,0.0291626919892987,1,0,0
2024-06-04,14,20,19,35,1,6,0,0,0.0448602024627767,0,0,1
2024-06-05,16,35,19,35,2,6,0,1,0.0153959307850302,0,1,0
2024-06-06,19,24,19,35,3,6,0,0,0.0259657234488355,0,1,0
2024-06-07,11,34,19,35,4,6,0,0,0.0081864503541715,1,0,0
2024-06-08,17,35,19,35,5,6,1,0,0.018027493596477,0,1,0
2024-06-09,11,22,19,35,6,6,1,0,0.0052265079114512,0,1,0
2024-06-10,13,31,19,35,0,6,0,0,0.0256819431730479,0,1,0
2024-06-11,10,21,19,35,1,6,0,0,0.0164450833708579,0,0,1
2024-06-12,14,20,19,35,2,6,0,0,0.0,0,0,1
2024-06-13,18,35,19,35,3,6,0,0,0.0131498155706493,0,1,0
2024-06-14,10,35,19,35,4,6,0,0,0.0379311432760749,1,0,0
2024-06-15,18,24,19,35,5,6,1,0,0.024104298872509,0,1,0
2024-06-16,17,34,19,35,6,6,1,0,0.0276909266295574,1,0,0
2024-06-17,15,22,19,35,0,6,0,0,0.0212554527929976,0,0,1
2024-06-18,16,26,19,35,1,6,0,0,0.0181844107840476,0,1,0
2024-06-19,12,30,19,35,2,6,0,0,0.0201557901380955,0,1,0
2024-06-20,10,29,19,35,3,6,0,0,0.0224543272422378,1,0,0
2024-06-21,14,28,19,35,4,6,0,0,0.0090334755439898,1,0,0
2024-06-22,11,33,19,35,5,6,1,0,0.0276306201573855,0,1,0
2024-06-23,14,32,19,35,6,6,1,0,0.0312182749198748,0,1,0
2024-06-24,17,21,19,35,0,6,0,0,0.0180341060305566,1,0,0
2024-06-25,18,22,19,35,1,6,0,0,0.0147695957038341,0,0,1
2024-06-26,11,26,19,35,2,6,0,1,0.0125809100035519,1,0,0
2024-06-27,12,35,19,35,3,6,0,0,0.0375921660356242,0,1,0
2024-06-28,12,22,19,35,4,6,0,0,0.0154772916080644,0,0,1
2024-06-29,10,29,19,35,5,6,1,0,0.0265331431421454,0,0,1
2024-06-30,17,26,19,35,6,6,1,0,0.0181042630451734,0,0,1
2024-07-01,15,28,19,35,0,7,0,0,0.0175636994428207,0,0,1
2024-07-02,17,35,19,35,1,7,0,1,0.0123525029979427,0,1,0
2024-07-03,18,30,19,35,2,7,0,0,0.0102970050390598,0,0,1
2024-07-04,14,26,19,35,3,7,0,0,0.0273992076024655,1,0,0
2024-07-05,12,33,19,35,4,7,0,0,0.0100707751996993,1,0,0
2024-07-06,14,35,19,35,5,7,1,0,0.0246251923959207,1,0,0
2024-07-07,14,23,19,35,6,7,1,0,0.0209058392348149,0,1,0
2024-07-08,14,25,19,35,0,7,0,0,0.0275263853447923,0,0,1
2024-07-09,12,29,19,35,1,7,0,1,0.0139004608940944,1,0,0
2024-07-10,19,26,19,35,2,7,0,0,0.0308014416652009,1,0,0
2024-07-11,13,32,19,35,3,7,0,1,0.0185880941790966,1,0,0
2024-07-12,18,33,19,35,4,7,0,1,0.0459169472130956,0,0,1
2024-07-13,19,23,19,35,5,7,1,0,0.0038582366503516,1,0,0
2024-07-14,18,27,19,35,6,7,1,0,0.044289347380769,0,0,1
2024-07-15,11,24,19,35,0,7,0,0,0.0187363400194386,0,0,1
2024-07-16,17,20,19,35,1,7,0,0,0.0222280210171886,0,0,1
2024-07-17,17,23,19,35,2,7,0,0,0.0139571056839085,0,1,0
2024-07-18,16,22,19,35,3,7,0,0,0.0043111870697661,0,1,0
2024-07-19,17,28,19,35,4,7,0,0,0.0147160322797962,0,0,1
2024-07-20,12,27,19,35,5,7,1,0,0.0163431301512754,0,0,1
2024-07-21,15,20,19,35,6,7,1,0,0.0218280171273074,0,1,0
2024-07-22,10,25,19,35,0,7,0,0,0.0312113834501035,0,1,0
2024-07-23,16,28,19,35,1,7,0,0,0.0219073072660711,0,0,1
2024-07-24,10,26,19,35,2,7,0,0,0.0220814176328264,0,1,0
2024-07-25,18,23,19,35,3,7,0,0,0.023843677165168,1,0,0
2024-07-26,10,32,19,35,4,7,0,0,0.0024506980688375,0,0,1
2024-07-27,10,35,19,35,5,7,1,0,0.003374754978639,0,0,1
2024-07-28,16,21,19,35,6,7,1,0,0.005030110111357,0,1,0
2024-07-29,11,24,19,35,0,7,0,1,0.0162672614200464,1,0,0
2024-07-30,14,31,19,35,1,7,0,0,0.0012828488027595,0,1,0
2024-07-31,17,27,19,35,2,7,0,0,0.0131021245527089,1,0,0
2024-08-01,17,25,19,35,3,8,0,0,0.0063175075501898,1,0,0
2024-08-02,12,27,19,35,4,8,0,0,0.0248771542619868,0,0,1
2024-08-03,16,35,19,35,5,8,1,0,0.0243765562890825,1,0,0
2024-08-04,12,22,19,35,6,8,1,0,0.0169935596026403,0,0,1
2024-08-05,15,31,19,35,0,8,0,0,0.0010003908183305,1,0,0
2024-08-06,15,22,19,35,1,8,0,0,0.0176285609056382,0,0,1
2024-08-07,12,25,19,35,2,8,0,0,0.023286261153761,1,0,0
2024-08-08,16,21,19,35,3,8,0,0,0.0281072666723901,0,1,0
2024-08-09,12,31,19,35,4,8,0,0,0.0375340462731297,1,0,0
2024-08-10,17,21,19,35,5,8,1,1,0.0311849818042168,0,1,0
2024-08-11,19,25,19,35,6,8,1,0,0.0216477652906792,1,0,0
2024-08-12,13,35,19,35,0,8,0,0,0.0171475865969262,1,0,0
2024-08-13,10,22,19,35,1,8,0,1,0.0125706590370871,0,0,1
2024-08-14,13,21,19,35,2,8,0,0,0.0335566189588992,1,0,0
2024-08-15,16,35,19,35,3,8,0,1,0.021665905796991,1,0,0
2024-08-16,13,27,19,35,4,8,0,0,0.0263054420868345,1,0,0
2024-08-17,15,31,19,35,5,8,1,0,0.0140978026207064,0,1,0
2024-08-18,18,23,19,35,6,8,1,0,0.0075909093449019,0,0,1
2024-08-19,10,24,19,35,0,8,0,1,0.0159966228172727,0,0,1
2024-08-20,14,32,19,35,1,8,0,0,0.0169707173419437,1,0,0
2024-08-21,16,34,19,35,2,8,0,0,0.0219177243364413,1,0,0
2024-08-22,10,35,19,35,3,8,0,0,0.0126256611101602,0,1,0
2024-08-23,13,29,19,35,4,8,0,0,0.0202496986338196,1,0,0
2024-08-24,15,35,19,35,5,8,1,0,0.0317770635435501,0,0,1
2024-08-25,11,31,19,35,6,8,1,0,0.0032703839046286,0,0,1
2024-08-26,19,35,19,35,0,8,0,1,0.0,0,1,0
2024-08-27,14,35,19,35,1,8,0,0,0.0324591384861845,0,1,0
2024-08-28,19,31,19,35,2,8,0,0,0.0053637354196771,0,0,1
2024-08-29,10,27,19,35,3,8,0,0,0.0161992803310754,0,1,0
2024-08-30,15,35,19,35,4,8,0,1,0.0260847968130648,1,0,0
2024-08-31,15,22,19,35,5,8,1,1,0.0194077383132922,1,0,0
2024-09-01,13,35,19,35,6,9,1,0,0.0192671212099642,0,1,0
2024-09-02,17,32,19,35,0,9,0,0,0.0207239664781829,0,0,1
2024-09-03,13,35,19,35,1,9,0,0,0.0451871409929446,0,1,0
2024-09-04,17,27,19,35,2,9,0,0,0.0378062495591721,0,0,1
2024-09-05,17,24,19,35,3,9,0,0,0.0130627469113161,0,1,0
2024-09-06,14,35,19,35,4,9,0,0,0.0305088824094686,0,1,0
2024-09-07,13,27,19,35,5,9,1,0,0.0250550775759179,0,1,0
2024-09-08,11,31,19,35,6,9,1,0,0.0198048519724829,1,0,0
2024-09-09,12,20,19,35,0,9,0,0,0.0109213119152259,1,0,0
2024-09-10,12,35,19,35,1,9,0,0,0.0245136803144546,0,0,1
2024-09-11,13,25,19,35,2,9,0,0,0.0169395453493558,0,1,0
2024-09-12,13,35,19,35,3,9,0,0,0.0162043992507084,1,0,0
2024-09-13,19,27,19,35,4,9,0,1,0.0123292864868112,0,1,0
2024-09-14,14,26,19,35,5,9,1,0,0.0299982352106242,0,0,1
2024-09-15,13,20,19,35,6,9,1,0,0.0123226198137061,1,0,0
2024-09-16,19,35,19,35,0,9,0,0,0.0123835476106423,0,0,1
2024-09-17,17,31,19,35,1,9,0,0,0.027779377675803,1,0,0
2024-09-18,15,25,19,35,2,9,0,0,0.018556695321969,0,1,0
2024-09-19,15,35,19,35,3,9,0,0,0.0188258147621404,0,0,1
2024-09-20,17,21,19,35,4,9,0,0,0.0303289348409167,1,0,0
2024-09-21,16,33,19,35,5,9,1,0,0.0331370061179193,1,0,0
2024-09-22,19,23,19,35,6,9,1,0,0.0,0,1,0
2024-09-23,19,20,19,35,0,9,0,0,0.0187122574521575,0,0,1
2024-09-24,17,35,19,35,1,9,0,0,0.00589735471826,0,0,1
2024-09-25,11,32,19,35,2,9,0,0,0.0161320666214267,0,0,1
2024-09-26,18,21,19,35,3,9,0,0,0.0199326384388589,0,1,0
2024-09-27,10,28,19,35,4,9,0,0,0.0164514542692578,1,0,0
2024-09-28,17,21,19,35,5,9,1,0,0.0097472456933029,1,0,0
2024-09-29,13,28,19,35,6,9,1,0,0.009239933622852,0,0,1
2024-09-30,13,20,19,35,0,9,0,0,0.0272794138903225,1,0,0
2024-10-01,14,30,19,35,1,10,0,0,0.0353480980610385,0,0,1
2024-10-02,17,22,19,35,2,10,0,0,0.0,0,1,0
2024-10-03,14,35,19,35,3,10,0,0,0.0167238133393448,0,1,0
2024-10-04,17,23,19,35,4,10,0,0,0.0273196413739431,0,1,0
2024-10-05,19,35,19,35,5,10,1,0,0.0196739623959915,0,0,1
2024-10-06,10,25,19,35,6,10,1,0,0.0088631337809446,1,0,0
2024-10-07,19,22,19,35,0,10,0,1,0.0152221059593642,0,1,0
2024-10-08,18,30,19,35,1,10,0,0,0.0230215023743185,0,0,1
2024-10-09,15,34,19,35,2,10,0,0,0.0169280789061964,0,0,1
2024-10-10,12,24,19,35,3,10,0,0,0.0195202006608144,0,1,0
2024-10-11,17,35,19,35,4,10,0,0,0.0198083950241835,0,1,0
2024-10-12,18,29,19,35,5,10,1,0,0.014757183903417,0,1,0
2024-10-13,15,31,19,35,6,10,1,0,0.0281656902397103,1,0,0
2024-10-14,16,34,19,35,0,10,0,0,0.0152250840315889,1,0,0
2024-10-15,10,35,19,35,1,10,0,0,0.0099453200776775,0,0,1
2024-10-16,14,29,19,35,2,10,0,0,0.0422963943342319,0,1,0
2024-10-17,14,25,19,35,3,10,0,0,0.0192220591056258,0,1,0
2024-10-18,19,35,19,35,4,10,0,0,0.0,1,0,0
2024-10-19,13,32,19,35,5,10,1,0,0.0325474483733765,0,1,0
2024-10-20,15,22,19,35,6,10,1,1,0.0325152886921389,0,0,1
2024-10-21,16,29,19,35,0,10,0,0,0.0245717553115703,0,1,0
2024-10-22,18,33,19,35,1,10,0,0,0.0263163520982066,1,0,0
2024-10-23,10,25,19,35,2,10,0,0,0.0415974231266813,0,0,1
2024-10-24,15,22,19,35,3,10,0,1,0.010371982360315,0,0,1
2024-10-25,16,35,19,35,4,10,0,0,0.0213324005397481,0,1,0
2024-10-26,12,26,19,35,5,10,1,0,0.0396970267905111,0,0,1
2024-10-27,17,35,19,35,6,10,1,1,0.041815690809682,0,1,0
2024-10-28,14,33,19,35,0,10,0,0,0.0163390768709226,0,1,0
2024-10-29,18,28,19,35,1,10,0,0,0.0401015085008913,1,0,0
2024-10-30,14,34,19,35,2,10,0,0,0.0280263070132361,0,0,1
2024-10-31,18,22,19,35,3,10,0,0,0.0349521449786857,0,1,0
2024-11-01,19,21,19,35,4,11,0,0,0.0276982090315778,0,1,0
2024-11-02,13,21,19,35,5,11,1,1,0.0230544624386037,0,1,0
2024-11-03,18,22,19,35,6,11,1,0,0.0420938712590291,0,0,1
2024-11-04,14,35,19,35,0,11,0,0,0.0147139003576225,0,0,1
2024-11-05,19,33,19,35,1,11,0,0,0.0390228314035397,0,0,1
2024-11-06,18,35,19,35,2,11,0,0,0.0406068893372791,0,1,0
2024-11-07,12,35,19,35,3,11,0,0,0.0336304832127675,0,0,1
2024-11-08,13,29,19,35,4,11,0,0,0.0192827101818899,0,1,0
2024-11-09,18,21,19,35,5,11,1,0,0.0224443534797901,0,0,1
2024-11-10,19,20,19,35,6,11,1,0,0.0072519438472712,0,0,1
2024-11-11,15,23,19,35,0,11,0,0,0.015474200300568,0,1,0
2024-11-12,11,33,19,35,1,11,0,0,0.0262071175310517,0,0,1
2024-11-13,16,20,19,35,2,11,0,0,0.0057328769423336,0,1,0
2024-11-14,11,33,19,35,3,11,0,0,0.0170208867200192,0,0,1
2024-11-15,11,35,19,35,4,11,0,0,0.039448286415681,0,0,1
2024-11-16,10,33,19,35,5,11,1,0,0.0184563592722611,0,0,1
2024-11-17,12,35,19,35,6,11,1,0,0.0303362833548751,0,0,1
2024-11-18,15,22,19,35,0,11,0,0,0.0256650245505521,1,0,0
2024-11-19,17,22,19,35,1,11,0,0,0.0169231056349309,0,1,0
2024-11-20,18,28,19,35,2,11,0,0,0.0184495134114836,1,0,0
2024-11-21,16,25,19,35,3,11,0,0,0.0216686524744165,0,0,1
2024-11-22,13,32,19,35,4,11,0,0,0.0,0,0,1
2024-11-23,15,21,19,35,5,11,1,0,0.029469748008755,0,1,0
2024-11-24,14,27,19,35,6,11,1,0,0.0188161992494587,0,1,0
2024-11-25,17,21,19,35,0,11,0,0,0.0298191716326889,0,1,0
2024-11-26,10,23,19,35,1,11,0,0,0.0238820061355195,0,1,0
2024-11-27,10,34,19,35,2,11,0,0,0.0183744038252493,0,0,1
2024-11-28,15,23,19,35,3,11,0,0,0.0219754862805014,0,1,0
2024-11-29,19,32,19,35,4,11,0,0,0.0220091093732841,1,0,0
2024-11-30,11,31,19,35,5,11,1,0,0.034761900997298,0,1,0
2024-12-01,14,32,19,35,6,12,1,1,0.0206265449277865,0,1,0
2024-12-02,10,33,19,35,0,12,0,0,0.0228816550764208,1,0,0
2024-12-03,16,35,19,35,1,12,0,0,0.0073811021727322,1,0,0
2024-12-04,10,35,19,35,2,12,0,0,0.0195295655170151,1,0,0
2024-12-05,13,25,19,35,3,12,0,0,0.0345431010179649,1,0,0
2024-12-06,18,30,19,35,4,12,0,0,0.0242882100601214,0,1,0
2024-12-07,10,21,19,35,5,12,1,0,0.0091898793023743,1,0,0
2024-12-08,13,35,19,35,6,12,1,0,0.0102617166409179,0,0,1
2024-12-09,15,35,19,35,0,12,0,0,0.0125850457258933,0,1,0
2024-12-10,15,24,19,35,1,12,0,0,0.0299963104359348,0,0,1
2024-12-11,17,35,19,35,2,12,0,0,0.028765405122923,0,1,0
2024-12-12,10,21,19,35,3,12,0,0,0.0,0,1,0
2024-12-13,16,29,19,35,4,12,0,1,0.0191861430571587,0,0,1
2024-12-14,10,21,19,35,5,12,1,0,0.0214763810038691,1,0,0
2024-12-15,16,30,19,35,6,12,1,0,0.0103785647114068,1,0,0
2024-12-16,12,35,19,35,0,12,0,0,0.0160952500305611,0,0,1
2024-12-17,17,34,19,35,1,12,0,0,0.0333099854912969,1,0,0
2024-12-18,12,28,19,35,2,12,0,0,0.024088432118145,0,1,0
2024-12-19,10,35,19,35,3,12,0,0,0.0150041735968816,0,1,0
2024-12-20,17,28,19,35,4,12,0,0,0.0181269163839195,0,1,0
2024-12-21,12,22,19,35,5,12,1,0,0.0177212687100443,1,0,0
2024-12-22,11,28,19,35,6,12,1,1,0.0228195519818549,1,0,0
2024-12-23,10,33,19,35,0,12,0,0,0.0057026934376399,0,0,1
2024-12-24,12,35,19,35,1,12,0,1,0.0133024470021005,0,1,0
2024-12-25,11,26,19,35,2,12,0,0,0.0303539644980474,0,0,1
2024-12-26,11,35,19,35,3,12,0,1,0.019274335130408,1,0,0
2024-12-27,15,35,19,35,4,12,0,0,0.0115009174723987,0,0,1
2024-12-28,10,20,19,35,5,12,1,0,0.0119133995834228,1,0,0
2024-12-29,11,23,19,35,6,12,1,0,0.0272084360213068,0,1,0
2024-12-30,15,23,19,35,0,12,0,0,0.0148219473466988,0,1,0
2024-12-31,12,26,19,35,1,12,0,0,0.0251090337908658,1,0,0
2025-01-01,12,28,19,35,2,1,0,0,0.0137316567910852,1,0,0
2025-01-02,12,30,19,35,3,1,0,0,0.0087003510733334,1,0,0
2025-01-03,12,29,19,35,4,1,0,0,0.0224444795849745,0,1,0
2025-01-04,12,28,19,35,5,1,1,0,0.0190261899408653,1,0,0
2025-01-05,13,25,19,35,6,1,1,0,0.026851243384153,0,1,0
2025-01-06,11,25,19,35,0,1,0,0,0.0288412432103139,0,0,1
2025-01-07,12,31,19,35,1,1,0,0,0.016420331112466,0,1,0
2025-01-08,12,32,19,35,2,1,0,0,0.0234893382735111,0,0,1
2025-01-09,11,29,19,35,3,1,0,1,0.0161119021454062,0,1,0
2025-01-10,11,31,19,35,4,1,0,0,0.0263364696407138,0,1,0
2025-01-11,11,25,19,35,5,1,1,0,0.022334154611073,1,0,0
2025-01-12,11,30,19,35,6,1,1,0,0.0137616348263722,0,1,0
2025-01-13,12,26,19,35,0,1,0,0,0.0129242210898148,1,0,0
2025-01-14,12,27,19,35,1,1,0,0,0.0226866792510383,1,0,0
2025-01-15,11,30,19,35,2,1,0,0,0.0316219105265258,1,0,0
2025-01-16,12,31,19,35,3,1,0,0,0.0290129621120602,0,1,0
2025-01-17,12,25,19,35,4,1,0,0,0.0105699059602009,1,0,0
2025-01-18,12,30,19,35,5,1,1,0,0.0116215670397744,0,0,1
2025-01-19,11,29,19,35,6,1,1,0,0.0130952228843357,0,0,1
2025-01-20,12,26,19,35,0,1,0,0,0.0140343707041534,0,1,0
2025-01-21,12,27,19,35,1,1,0,0,0.0018333989648089,1,0,0
2025-01-22,12,28,19,35,2,1,0,0,0.0279004320412972,0,0,1
2025-01-23,12,25,19,35,3,1,0,0,0.0154411726462798,0,1,0
2025-01-24,12,29,19,35,4,1,0,0,0.0246207425589751,0,1,0
2025-01-25,11,29,19,35,5,1,1,0,0.016842419917829,0,1,0
2025-01-26,13,25,19,35,6,1,1,0,0.0197703409968554,0,1,0
2025-01-27,11,31,19,35,0,1,0,0,0.0131481412158949,0,1,0
2025-01-28,11,29,19,35,1,1,0,0,0.0197174224670176,1,0,0
2025-01-29,11,28,19,35,2,1,0,0,0.0112875418818548,1,0,0
2025-01-30,12,27,19,35,3,1,0,0,0.0197916044722876,1,0,0
2025-01-31,12,29,19,35,4,1,0,0,0.0345722307506595,1,0,0
2025-02-01,11,29,19,35,5,2,1,0,0.02520604718161,0,1,0
2025-02-02,11,25,19,35,6,2,1,0,0.0229105190102636,0,1,0
2025-02-03,12,29,19,35,0,2,0,0,0.00680259181966,0,0,1
2025-02-04,12,26,19,35,1,2,0,0,0.02567256402058,0,0,1
2025-02-05,12,26,19,35,2,2,0,0,0.0266445338435975,1,0,0
2025-02-06,12,30,19,35,3,2,0,0,0.022682657095322,0,1,0
2025-02-07,12,26,19,35,4,2,0,0,0.0221428249173813,0,0,1
2025-02-08,12,31,19,35,5,2,1,0,0.0185981880638914,0,0,1
2025-02-09,11,27,19,35,6,2,1,0,0.0264940251582246,0,0,1
2025-02-10,13,29,19,35,0,2,0,1,0.0339701055498652,0,0,1
2025-02-11,12,31,19,35,1,2,0,0,0.0233052817290541,1,0,0
2025-02-12,11,31,19,35,2,2,0,0,0.0102828282072307,0,1,0
2025-02-13,11,26,19,35,3,2,0,0,0.0110478285584744,1,0,0
2025-02-14,11,27,19,35,4,2,0,0,0.0272623987327096,0,0,1
2025-02-15,11,25,19,35,5,2,1,0,0.0103640859497927,0,0,1
2025-02-16,12,25,19,35,6,2,1,0,0.0220105498731056,0,1,0
2025-02-17,12,28,19,35,0,2,0,0,0.016544572585825,0,1,0
2025-02-18,12,29,19,35,1,2,0,0,0.0092776404664469,1,0,0
2025-02-19,12,26,19,35,2,2,0,0,0.028322695885742,0,1,0
2025-02-20,12,29,19,35,3,2,0,0,0.0270677038706189,1,0,0
2025-02-21,12,29,19,35,4,2,0,0,0.0064435069673198,1,0,0
2025-02-22,11,27,19,35,5,2,1,0,0.0248144346231182,0,0,1
2025-02-23,13,31,19,35,6,2,1,0,0.0233525999494937,1,0,0
2025-02-24,13,29,19,35,0,2,0,0,0.0283745720235851,0,0,1
2025-02-25,12,28,19,35,1,2,0,0,0.0216678193865564,1,0,0
2025-02-26,12,32,19,35,2,2,0,0,0.0342683614175565,1,0,0
2025-02-27,11,30,19,35,3,2,0,0,0.0187333911846922,0,1,0
2025-02-28,11,28,19,35,4,2,0,0,0.0172790560251583,0,1,0
2025-03-01,12,28,19,35,5,3,1,1,0.0102520912240215,0,0,1
2025-03-02,11,29,19,35,6,3,1,0,0.0106605809258199,0,1,0
2025-03-03,13,26,19,35,0,3,0,0,0.0097551500098456,1,0,0
2025-03-04,12,26,19,35,1,3,0,0,0.0221839964541077,0,0,1
2025-03-05,12,25,19,35,2,3,0,0,0.0173090068132353,0,0,1
2025-03-06,13,30,19,35,3,3,0,0,0.0233069322665685,0,0,1
2025-03-07,12,27,19,35,4,3,0,0,0.0079075124553839,1,0,0
2025-03-08,12,28,19,35,5,3,1,0,0.0114430779982627,0,1,0
2025-03-09,12,25,19,35,6,3,1,0,0.0112745662322449,0,0,1
2025-03-10,12,29,19,35,0,3,0,0,0.0416927073512568,1,0,0
2025-03-11,12,30,19,35,1,3,0,0,0.0183431867108863,0,1,0
2025-03-12,12,31,19,35,2,3,0,0,0.0193363367822894,0,1,0
2025-03-13,11,27,19,35,3,3,0,0,0.0192254699273372,0,0,1
2025-03-14,12,31,19,35,4,3,0,0,0.0355282932019884,1,0,0
2025-03-15,12,27,19,35,5,3,1,0,0.0038666059825053,0,1,0
2025-03-16,11,32,19,35,6,3,1,0,0.0194010047568573,1,0,0
2025-03-17,12,28,19,35,0,3,0,0,0.0037728594965415,0,1,0
2025-03-18,11,29,19,35,1,3,0,0,0.0,0,0,1
2025-03-19,13,25,19,35,2,3,0,0,0.0126576005230835,0,0,1
2025-03-20,12,26,19,35,3,3,0,0,0.024121638465035,0,1,0
2025-03-21,12,31,19,35,4,3,0,1,0.012022192739258,1,0,0
2025-03-22,12,29,19,35,5,3,1,1,0.0239576515152512,0,1,0
2025-03-23,12,28,19,35,6,3,1,0,0.0210647630450482,1,0,0
2025-03-24,12,25,19,35,0,3,0,0,0.0186093440153079,0,1,0
2025-03-25,12,27,19,35,1,3,0,0,0.0326496355977165,0,0,1
2025-03-26,13,27,19,35,2,3,0,0,0.0140396345015246,1,0,0
2025-03-27,13,30,19,35,3,3,0,0,0.0238065542136027,0,0,1
2025-03-28,12,30,19,35,4,3,0,0,0.0019691323825487,1,0,0
2025-03-29,12,31,19,35,5,3,1,0,0.0209877943755105,0,1,0
2025-03-30,12,32,19,35,6,3,1,0,0.017427839631553,0,0,1
2025-03-31,12,31,19,35,0,3,0,0,0.008177535980116,0,0,1
2025-04-01,12,30,19,35,1,4,0,0,0.023984987787284,1,0,0
2025-04-02,11,27,19,35,2,4,0,0,0.0126104897609812,1,0,0
2025-04-03,13,26,19,35,3,4,0,0,0.0373218457717756,1,0,0
2025-04-04,12,28,19,35,4,4,0,0,0.0,0,0,1
2025-04-05,12,28,19,35,5,4,1,0,0.0224825854176168,0,1,0
2025-04-06,13,27,19,35,6,4,1,0,0.0204269727445844,1,0,0
2025-04-07,13,27,19,35,0,4,0,0,0.0171913624442503,0,1,0
2025-04-08,11,29,19,35,1,4,0,0,0.0147076429947698,1,0,0
2025-04-09,11,30,19,35,2,4,0,1,0.0206862819993275,0,1,0
2025-04-10,11,28,19,35,3,4,0,0,0.0306219130762719,1,0,0
2025-04-11,13,28,19,35,4,4,0,0,0.0032781449092386,0,1,0
2025-04-12,12,25,19,35,5,4,1,0,0.0119401310318981,0,0,1
2025-04-13,11,29,19,35,6,4,1,1,0.0094968286567785,1,0,0
2025-04-14,11,31,19,35,0,4,0,0,0.009027077302773,1,0,0
2025-04-15,12,27,19,35,1,4,0,0,0.0234274900543542,0,0,1
2025-04-16,12,25,19,35,2,4,0,0,0.0258933728473384,1,0,0
2025-04-17,12,27,19,35,3,4,0,1,0.0306510286873203,1,0,0
2025-04-18,12,31,19,35,4,4,0,0,0.0260509783262958,0,0,1
2025-04-19,12,30,19,35,5,4,1,0,0.0268614192424176,0,0,1
2025-04-20,11,26,19,35,6,4,1,0,0.0058819177925867,0,1,0
2025-04-21,11,27,19,35,0,4,0,1,0.0348356324162595,0,0,1
2025-04-22,11,28,19,35,1,4,0,0,0.0179024246924549,0,0,1
2025-04-23,11,27,19,35,2,4,0,0,0.0303299607909638,1,0,0
2025-04-24,12,27,19,35,3,4,0,0,0.0062383298358206,0,0,1
2025-04-25,12,27,19,35,4,4,0,0,0.0175858016448177,1,0,0
2025-04-26,12,25,19,35,5,4,1,0,0.0294301590856773,0,0,1
2025-04-27,12,29,19,35,6,4,1,1,0.0202792444267947,0,0,1
2025-04-28,12,25,19,35,0,4,0,0,0.0124603011470959,0,1,0
2025-04-29,11,27,19,35,1,4,0,0,0.0330981333519212,0,0,1
2025-04-30,11,27,19,35,2,4,0,0,0.0082858560790601,0,0,1
2025-05-01,11,30,19,35,3,5,0,0,0.0197957325775298,1,0,0
2025-05-02,12,27,19,35,4,5,0,0,0.0264017071088264,1,0,0
2025-05-03,11,26,19,35,5,5,1,0,0.0409569032996036,0,1,0
2025-05-04,11,26,19,35,6,5,1,0,0.0154164440725429,0,0,1
2025-05-05,11,31,19,35,0,5,0,0,0.0172354874634016,1,0,0
2025-05-06,11,30,19,35,1,5,0,0,0.0155530886664952,0,0,1
2025-05-07,11,26,19,35,2,5,0,0,0.0223847015891454,0,1,0
2025-05-08,11,31,19,35,3,5,0,1,0.0258792826799786,1,0,0
2025-05-09,12,27,19,35,4,5,0,0,0.0309331337866831,1,0,0
2025-05-10,11,28,19,35,5,5,1,0,0.0275604777598081,0,1,0
2025-05-11,11,25,19,35,6,5,1,0,0.0150262585034971,0,0,1
2025-05-12,11,31,19,35,0,5,0,0,0.0281337102262942,1,0,0
2025-05-13,12,25,19,35,1,5,0,0,0.0209154564404472,1,0,0
2025-05-14,11,29,19,35,2,5,0,0,0.027452522288182,0,1,0
2025-05-15,11,30,19,35,3,5,0,0,0.0280236743289588,0,1,0
2025-05-16,12,28,19,35,4,5,0,0,0.0363012574600982,0,1,0
2025-05-17,12,27,19,35,5,5,1,0,0.0164540936749701,0,0,1
2025-05-18,12,25,19,35,6,5,1,1,0.0145444739726311,0,0,1
2025-05-19,12,26,19,35,0,5,0,0,0.0244716341308572,0,0,1
2025-05-20,12,25,19,35,1,5,0,1,0.0318251691767031,0,1,0
2025-05-21,12,27,19,35,2,5,0,0,0.0205806383002443,1,0,0
2025-05-22,11,25,19,35,3,5,0,0,0.0324771229185981,0,0,1
2025-05-23,11,27,19,35,4,5,0,0,0.0269005833980866,0,1,0
2025-05-24,11,31,19,35,5,5,1,0,0.017987845221079,0,0,1
2025-05-25,11,25,19,35,6,5,1,0,0.025633355030589,1,0,0
2025-05-26,12,25,19,35,0,5,0,0,0.0156517320873226,1,0,0
2025-05-27,11,31,19,35,1,5,0,0,0.022386000732661,0,1,0
2025-05-28,12,27,19,35,2,5,0,0,0.0092684085516876,1,0,0
2025-05-29,11,31,19,35,3,5,0,1,0.0193184336956556,0,1,0
2025-05-30,12,30,19,35,4,5,0,0,0.0299968915394535,0,1,0
2025-05-31,12,25,19,35,5,5,1,0,0.0276714690143574,0,1,0
2025-06-01,12,25,19,35,6,6,1,0,0.0262084174803333,0,1,0
2025-06-02,12,29,19,35,0,6,0,0,0.0228747967501482,1,0,0
2025-06-03,11,29,19,35,1,6,0,0,0.0215984604971279,1,0,0
2025-06-04,11,31,19,35,2,6,0,0,0.0073294289793493,1,0,0
2025-06-05,12,28,19,35,3,6,0,0,0.0179391462696139,1,0,0
2025-06-06,11,25,19,35,4,6,0,0,0.0218261578366539,0,1,0
2025-06-07,12,26,19,35,5,6,1,0,0.0087559650425972,0,1,0
2025-06-08,13,30,19,35,6,6,1,0,0.0024824408321011,1,0,0
2025-06-09,11,25,19,35,0,6,0,1,0.0312883274694344,0,0,1
2025-06-10,11,25,19,35,1,6,0,0,0.0205083852660983,0,0,1
2025-06-11,13,28,19,35,2,6,0,0,0.0220997928075778,0,0,1
2025-06-12,12,30,19,35,3,6,0,0,0.0255562682279487,1,0,0
2025-06-13,12,28,19,35,4,6,0,0,0.0101783304951506,0,1,0
2025-06-14,12,30,19,35,5,6,1,0,0.0159650420593737,0,1,0
2025-06-15,11,31,19,35,6,6,1,0,0.0350406760452019,0,0,1
2025-06-16,11,27,19,35,0,6,0,0,0.0151134460338826,0,0,1
2025-06-17,11,31,19,35,1,6,0,1,0.0173414470455314,0,1,0
2025-06-18,12,26,19,35,2,6,0,0,0.0133051183499781,0,0,1
2025-06-19,11,25,19,35,3,6,0,0,0.0125914577351933,0,0,1
2025-06-20,11,30,19,35,4,6,0,0,0.0310548135234211,0,1,0
2025-06-21,12,32,19,35,5,6,1,1,0.0,0,0,1
2025-06-22,11,25,19,35,6,6,1,0,0.015429861801478,0,0,1
2025-06-23,12,28,19,35,0,6,0,0,0.0222541014262999,1,0,0
2025-06-24,11,31,19,35,1,6,0,1,0.0369679109874028,0,0,1
2025-06-25,11,32,19,35,2,6,0,0,0.0086477464411155,1,0,0
2025-06-26,11,30,19,35,3,6,0,0,0.0069432865296375,0,1,0
2025-06-27,11,29,19,35,4,6,0,0,0.0113989967867193,1,0,0
2025-06-28,11,27,19,35,5,6,1,0,0.0270170539678955,0,1,0
2025-06-29,11,28,19,35,6,6,1,0,0.0212528546327869,1,0,0
2025-06-30,12,26,19,35,0,6,0,0,0.0055736432898681,1,0,0
2025-07-01,11,29,19,35,1,7,0,0,0.0209955759759996,1,0,0
2025-07-02,12,28,19,35,2,7,0,0,0.0355143776588928,0,0,1
2025-07-03,12,28,19,35,3,7,0,0,0.0226448040107313,0,0,1
2025-07-04,11,28,19,35,4,7,0,0,0.0216455789062864,0,0,1
2025-07-05,12,30,19,35,5,7,1,0,0.0222474211958217,0,0,1
2025-07-06,12,31,19,35,6,7,1,1,0.0241450272056286,0,0,1
2025-07-07,11,30,19,35,0,7,0,0,0.0073289843859816,1,0,0
2025-07-08,11,29,19,35,1,7,0,1,0.0176807599788637,0,0,1
2025-07-09,13,30,19,35,2,7,0,0,0.0182024386692359,0,1,0
2025-07-10,13,30,19,35,3,7,0,0,0.015165309800225,1,0,0
2025-07-11,11,26,19,35,4,7,0,0,0.0268612160877387,1,0,0
2025-07-12,11,30,19,35,5,7,1,0,0.0136600653674348,0,1,0
2025-07-13,11,31,19,35,6,7,1,0,0.0164003157857587,0,0,1
2025-07-14,12,27,19,35,0,7,0,0,0.007398273193458,0,1,0

